word,ann1
a,0
co,0
Nikolka,0
kdyžs,0
jí,0
to,0
"dala,",0
"říká,",0
já,0
takový,0
doma,0
mám.,0
já.1,0
říkám.,0
jo.,0
přesně.,0
"ano,",0
a.1,0
já.2,0
sem,0
jí.1,0
a.2,0
už,0
předtým,0
sem.1,0
jí.2,0
říkala.,0
já.3,0
sem.2,0
ti,0
kúpila,0
takový.1,0
oranžový,0
nátělníček,0
a.,0
ona,0
"říká,.1",0
já.4,0
sem.3,0
si,0
na,1
to.1,0
akorát,0
myslela.,0
že,0
bych,0
od,1
tebe,0
mohla,0
dostat,0
neco,0
"oranžového,",0
ne,0
ju,0
nekdy,0
fakt,0
napadne,1
ona.1,0
má,0
takové,0
jakože,0
hlášky.,1
že.1,0
to.2,0
to.3,0
bys.,0
jako,0
ona.2,0
zkouší,0
no.,0
ale,0
má.1,0
doma.1,0
ňáký,0
oranžový.1,0
ale.1,0
mmm,0
ne.1,0
šatičky,0
jako.1,0
má.2,0
enom,0
ňáké,0
tričko.,0
má.3,0
tričko,0
oranžové,0
to.4,0
vlastně,0
dostala,0
ode,1
"mě,",0
jedno.,0
pak,0
má.4,0
eště,0
druhé,0
"ňáké,",0
ale.2,0
jako.2,0
šatičky.1,0
oranžové.1,0
nemá.,0
ale.3,0
tak,0
to.5,0
ona.3,0
všechno,0
pláce,1
dohromady-,0
ale.4,0
ne.2,0
šak,0
to.6,0
je,0
takový.2,0
nátělník.,0
"ale,",0
a.3,0
tož,0
tak.1,0
no..1,0
tak.2,0
sem.4,0
ale.5,0
já.5,0
sem.5,0
tento,0
týden,0
neměla,0
čas,0
"to,",0
já.6,0
sem.6,0
si.1,0
myslela,0
že.2,0
to.7,0
tam,0
bude,0
že.3,0
to.8,0
přešiju.,0
enomže,0
"sem,",0
jezdila,0
do,0
toho,0
"Kyjova,",0
pracovně.,0
takže,0
to.9,0
já.7,0
nemám,0
"čas,",0
já.8,0
dyž,0
su,0
v,0
Kyjově,0
tak.3,0
dojedu,0
dom,0
o,1
půl,0
"šesté,",0
fakt?,0
"ano,.1",0
já.9,0
"jedu,",0
eee.,0
tam.1,0
je.1,0
totiž,0
pracovní,0
doba,0
od.1,1
osmi,0
do.1,1
"čtyřech,",0
otevřené,1
je.2,0
tam.2,0
od.2,1
osmi.1,0
do.2,1
čtyř.,0
takže.1,0
já.,0
vyjedu,1
v.1,1
"sedum,",0
ráno,0
z,0
Veselí.,0
ve,1
štyři,0
"zavírám,",1
a.4,0
šesnác,0
třicet,0
pět,0
mně,0
jede,0
"vlak,",0
takže.2,0
je.3,0
až,0
po,1
páté,0
ve.1,0
Veselí,0
a.5,0
já.10,0
fakt.1,0
dojdu,0
dom.1,0
o.1,1
půl.1,0
"šesté,.1",0
ty,0
jo,0
a.6,0
v.2,1
kolik,0
vycház*,0
v.3,1
kolik.1,0
vstáváš,1
"ráno,",0
eee..1,0
v.4,1
šest,0
hmm,0
"jo,",0
"takže,",0
vidíš.,1
jako.,0
v.5,0
Kyjově.1,0
zas,0
odpočívám,0
teda,0
tam.3,0
nikdo,0
"nechodí,",1
ale.6,0
"tož,",0
je.4,0
to.10,0
tam.,0
nadlúho.,0
a.7,0
nechodí,1
tam.4,0
moc,0
lidí,0
jako?,0
tam.5,0
nechodí.,1
tam.6,0
fakt.2,0
třeba,0
je.5,0
deset,0
lidí.1,0
za,1
"den,",0
a.8,0
ve.2,0
Veselí.1,0
víc.,0
"jako,",0
no,0
ve.3,0
Veselí.2,0
jeden,0
za.1,1
"druhým,",0
a.9,0
jakto?,0
jak.,0
tož.1,0
v.6,0
Kyjově.2,0
"máme,",0
tisíc,0
pojištěnců,0
u,1
nasí,0
u.1,1
naší,0
"pojišťovny,",0
a.10,0
ve.4,0
Veselí.3,0
přes,1
šest.1,0
"tisíc,",0
takže.3,0
vlastně.1,0
logicky,0
k,1
nám,0
chodí,1
šestkrát,0
tolik,0
"lidí,",0
takže.4,0
dyž.1,0
do.3,0
Kyjova,0
dojde,1
deset.1,0
tak.4,0
k.1,1
nám.1,0
šedesát,0
"že,",0
a.11,0
jaktože,0
je.6,0
tady,0
toli*,0
o.2,1
tolik.1,0
víc,0
jako?.1,0
tož.2,0
"protože,",0
tady.1,0
byly,0
"železárny,",0
a.12,0
vlasně,0
to.11,0
dyž.2,0
"začalo,",0
tak.5,0
"eee,",0
závodní,0
doktor,0
z.1,1
železáren,0
"všecky,",0
posílal,0
k.2,1
nas*,0
k.3,1
naší.1,0
pojišťovně,0
zdravotní.,0
takže.5,0
to.12,0
bylo,0
"tak,",0
aha.,0
tak.6,0
to.13,0
je.7,0
dobré,0
ne?,0
tož.3,0
ba,0
"jasně,",0
to.14,0
je.8,0
"výborné,",0
takže.6,0
tak.7,0
tak.8,0
tak.9,0
tak.10,0
sem.7,1
si.2,1
říkala,1
jak,0
bude.1,0
o.3,1
víkendu,0
krásně.,0
že.4,0
pojedeme,0
do.4,0
"Luhačovic,",0
na.1,1
to.15,0
otvírání,1
pramenů,0
a.13,0
nic,0
nic.,0
A,0
kdy,0
to.16,0
mělo,0
"byt,",0
to.17,0
to.18,0
bylo.1,0
dnes.,0
no.1,0
ale.7,0
nevim,0
jak.1,0
jim,0
to.19,0
vyšlo.,1
prtože,0
tam.7,0
"bylo,",0
od.3,1
jedné,0
hodiny,0
tam.8,0
byl,0
"jarmak,",0
v.7,0
té,0
nádražní,0
ulici,0
ale.8,0
my,0
sme,0
tam.9,0
nikdy,0
nebyli,0
ani,0
s,0
taťkou,0
tak.11,0
já.11,0
nevím,0
jak.2,0
to.20,0
tam.10,0
"vypadá,",0
ale.9,0
od.4,1
jedné.1,0
hodiny.1,0
jarmak,0
a.14,0
teďka,0
nevím.1,0
jesi,0
eee,0
od.5,1
odpoledne,0
prostě,0
tam.11,0
výstava,0
veteránů,0
aut,0
a.15,0
eee.1,0
kol,1
a.16,0
veteráni,0
cyk*,0
cyklisti,0
tam.12,0
ňákou,0
jízdu,0
na.2,0
tom,0
lázeňském,0
náměstí,0
u.2,0
Jurkovičového,0
domu,0
a.17,0
tak.12,0
sem.8,0
si.3,0
právě,0
tak.13,0
naplánovala,0
že.5,0
pěkně.,0
dyž.3,0
"bude,",0
krásně,0
tak.14,0
si.4,0
dám.,0
dlúhú,0
"sukňu,",0
"klobouk,",0
háčkované,0
"rukavičky,",0
Nikolce,0
"taky,",0
"šatičky,",0
"klobouček,",0
a.18,0
ty.1,0
pro,0
ňu,0
máš,0
jako.3,0
ňáké.1,0
šatičky.2,0
aj.,0
no.2,0
jo?,0
no.3,0
mám..1,0
dyby,0
bylo.2,0
teplo,0
tak.15,0
sem.9,0
měla,0
naplánované,0
eee.2,0
no..2,0
takové.1,0
šaty,0
jako.4,0
co.1,0
by,0
měla.1,0
dlúhé,0
jesi.1,0
by.1,0
jo.1,0
do.5,1
toho.1,0
chtěla,0
"jít,",1
jo.2,0
"pane,",0
jo.3,0
a.19,0
tak.16,0
to.21,0
v.8,1
létě,0
že.6,0
jo.4,0
až.1,0
bude.2,0
třeba.1,0
aj,0
ňáká,0
akce,0
to.22,0
jako.5,0
ani.1,0
nemusí,0
být,0
akce.,0
že.7,0
jo.5,0
když,0
se,0
tak.17,0
oblečete.,0
šak.1,0
nemusí.1,0
to.23,0
možem,0
jít,0
aj.1,0
do.6,0
Veselí.4,0
do.7,0
cukrárny.,0
"no,",0
"no,.1",0
hledět,0
a.20,0
že.8,0
ten,0
klobouček,0
ten.1,0
si.5,0
zkoušela,0
teďka.1,0
dneska.,0
jo.6,0
no.4,0
on,0
je.9,0
"trošku,",0
možná,0
by.2,0
ho,0
chtělo,0
trošku,0
namočit.,0
Jako,0
a.21,0
eee.3,0
natahnút,0
na.3,0
neco.1,0
vlhký.,0
aby,0
uschl,0
roztahlý.,0
mně.1,0
se.1,1
zdá,1
že.9,0
by.3,0
mohl,0
být.1,0
trošk*,0
jako.6,0
"volnější,",0
že.10,0
že.11,0
je.10,0
jí.3,0
trochu,0
malý,0
"jako,.1",0
ale.10,0
to.24,0
by.4,0
se.2,0
dalo,0
roztahnút,0
vlhké,0
dyby.1,0
to.25,0
bylo.,0
