words,labels,contexts,pos
Když,0,Ano0,SCONJ
po,1,Ano0,ADP
představení,0,Ano0,NOUN
vyšel,0,Ano0,VERB
ven,0,Ano0,ADV
",",0,Ano0,PUNCT
byla,0,Ano0,AUX
už,0,Ano0,ADV
tma,0,Ano0,NOUN
.,0,Ano0,PUNCT
Na,1,Ano0,ADP
rohu,1,Ano0,NOUN
Spálené,0,Ano0,ADJ
ulice,0,Ano0,NOUN
uviděl,0,Ano0,VERB
dva,0,Ano0,NUM
muže,0,Ano0,NOUN
v,0,Ano0,ADP
zakrvácených,0,Ano0,ADJ
gumových,0,Ano0,ADJ
zástěrách,0,Ano0,NOUN
prodávající,0,Ano0,ADJ
kapry,0,Ano0,NOUN
",",0,Ano0,PUNCT
voda,0,Ano0,NOUN
ze,0,Ano0,ADP
žlutých,0,Ano0,ADJ
kádí,0,Ano0,NOUN
přetékala,0,Ano0,VERB
přes,0,Ano0,ADP
okraj,0,Ano0,NOUN
na,0,Ano0,ADP
chodník,0,Ano0,NOUN
",",0,Ano0,PUNCT
kde,0,Ano0,ADV
přimrzala,0,Ano0,VERB
.,0,Ano0,PUNCT
Obchody,0,Ano0,NOUN
už,0,Ano0,ADV
pomalu,1,Ano0,ADV
zavíraly,1,Ano0,VERB
",",1,Ano0,PUNCT
ale,0,Ano0,CCONJ
na,1,Ano0,ADP
Staroměstském,0,Ano0,ADJ
náměstí,0,Ano0,NOUN
bylo,0,Ano0,AUX
dosud,0,Ano0,ADV
rušno,0,Ano0,ADV
:,0,Ano0,PUNCT
vyhrávaly,0,Ano0,VERB
tu,0,Ano0,ADV
koledy,0,Ano0,NOUN
a,0,Ano0,CCONJ
pod,0,Ano0,ADP
vysokou,0,Ano0,ADJ
rozzářenou,1,Ano0,ADJ
jedlí,0,Ano0,NOUN
stála,0,Ano0,VERB
realistická,0,Ano0,ADJ
maketa,0,Ano0,NOUN
chléva,0,Ano0,NOUN
s,0,Ano0,ADP
opravdovými,0,Ano0,ADJ
",",0,Ano0,PUNCT
živými,0,Ano0,ADJ
zvířaty,0,Ano0,NOUN
",",0,Ano0,PUNCT
která,0,Ano0,DET
si,0,Ano0,PRON
kolemjdoucí,0,Ano0,ADJ
děti,0,Ano0,NOUN
mohly,0,Ano0,VERB
pohladit,0,Ano0,VERB
.,0,Ano0,PUNCT
Oskar,0,Ano0,PROPN
u,0,Ano0,ADP
jednoho,0,Ano0,NUM
z,1,Ano0,ADP
početných,0,Ano0,ADJ
stánků,0,Ano0,NOUN
vypil,0,Ano0,VERB
dva,0,Ano0,NUM
kelímky,0,Ano0,NOUN
svařeného,0,Ano0,ADJ
vína,0,Ano0,NOUN
a,0,Ano0,CCONJ
vydal,1,Ano0,VERB
se,0,Ano0,PRON
domů,0,Ano0,ADV
.,0,Ano0,PUNCT
Když,0,Ano0,SCONJ
ve,1,Ano0,ADP
své,1,Ano0,DET
čtvrti,0,Ano0,NOUN
vystupoval,0,Ano0,VERB
z,0,Ano0,ADP
tramvaje,0,Ano0,NOUN
",",0,Ano0,PUNCT
všiml,0,Ano0,VERB
si,0,Ano0,PRON
drobné,0,Ano0,ADJ
",",0,Ano0,PUNCT
nepříliš,0,Ano0,ADV
hezké,0,Ano0,ADJ
mladé,0,Ano0,ADJ
ženy,0,Ano0,NOUN
",",0,Ano0,PUNCT
prodávající,0,Ano0,ADJ
na,1,Ano0,ADP
téměř,0,Ano0,ADV
liduprázdném,0,Ano0,ADJ
náměstí,0,Ano0,NOUN
vánoční,0,Ano0,ADJ
stromky,0,Ano0,NOUN
",",0,Ano0,PUNCT
vypadala,0,Ano0,VERB
v,0,Ano0,ADP
té,0,Ano0,DET
své,0,Ano0,DET
dřevěné,0,Ano0,ADJ
ohrádce,0,Ano0,NOUN
tak,0,Ano0,ADV
promrzle,0,Ano0,ADV
a,0,Ano0,CCONJ
osaměle,0,Ano0,ADV
",",0,Ano0,PUNCT
až,1,Ano0,SCONJ
jí,0,Ano0,PRON
Oskarovi,0,Ano0,PROPN
přišlo,1,Ano0,VERB
líto,0,Ano0,ADV
.,0,Ano0,PUNCT
Od,1,Ano0,ADP
rozvodu,0,Ano0,NOUN
si,0,Ano0,PRON
vánoční,0,Ano0,ADJ
stromek,0,Ano0,NOUN
nekoupil,0,Ano0,VERB
ani,0,Ano0,PART
jedenkrát,0,Ano0,ADV
",",0,Ano0,PUNCT
ale,0,Ano0,CCONJ
nyní,0,Ano0,ADV
ho,0,Ano0,PRON
vypité,0,Ano0,ADJ
víno,0,Ano0,NOUN
a,0,Ano0,CCONJ
možná,0,Ano0,ADV
i,0,Ano0,CCONJ
jakýsi,0,Ano0,DET
neurčitý,0,Ano0,ADJ
chvilkový,0,Ano0,ADJ
sentiment,0,Ano0,NOUN
přiměly,0,Ano0,VERB
udělat,1,Ano0,VERB
výjimku,0,Ano0,NOUN
.,0,Ano0,PUNCT
Nebyl,0,Ano0,AUX
si,0,Ano0,PRON
sice,0,Ano0,CCONJ
jistý,0,Ano0,ADJ
",",0,Ano0,PUNCT
jestli,0,Ano0,SCONJ
se,0,Ano0,PRON
dokáže,0,Ano0,VERB
na,1,Ano0,ADP
prodavačku,0,Ano0,NOUN
aspoň,0,Ano0,ADV
trochu,0,Ano0,ADV
usmívat,0,Ano0,VERB
ale,0,Ano0,CCONJ
podařilo,0,Ano0,VERB
se,0,Ano0,PRON
mu,0,Ano0,PRON
to,0,Ano0,DET
.,0,Ano0,PUNCT
„,1,Ano0,PUNCT
Dobrý,1,Ano0,ADJ
večer,0,Ano0,NOUN
",",0,Ano0,PUNCT
”,0,Ano0,PUNCT
promluvil,0,Ano0,VERB
.,0,Ano0,PUNCT
„,0,Ano0,PUNCT
Nějaký,0,Ano0,DET
malý,0,Ano0,ADJ
prosím,0,Ano0,VERB
vás,0,Ano0,PRON
.,0,Ano0,PUNCT
”,0,Ano0,NOUN
Vědomí,0,Ano0,NOUN
",",0,Ano0,PUNCT
že,0,Ano0,SCONJ
dělá,0,Ano0,VERB
dobrý,0,Ano0,ADJ
",",0,Ano0,PUNCT
ne,0,Ano0,PART
-,0,Ano0,PUNCT
li,0,Ano0,SCONJ
přímo,1,Ano0,ADV
křesťanský,0,Ano0,ADJ
skutek,0,Ano0,NOUN
mu,0,Ano0,PRON
dokonce,0,Ano0,ADV
přineslo,1,Ano0,VERB
jisté,1,Ano0,ADJ
malé,1,Ano0,ADJ
sebeuspokojení,0,Ano0,NOUN
.,0,Ano0,PUNCT
„,0,Ano0,PUNCT
Smrček,0,Ano0,NOUN
?,0,Ano0,PUNCT
”,0,Ano0,PUNCT
zeptala,0,Ano0,VERB
se,0,Ano0,PRON
.,0,Ano0,PUNCT
Podpora,1,Ano0,NOUN
reformních,0,Ano0,ADJ
procesů,0,Ano0,NOUN
a,0,Ano0,CCONJ
plnění,1,Ano0,NOUN
existujících,0,Ano0,ADJ
nařízení,0,Ano0,NOUN
posune,1,Ano0,VERB
proces,0,Ano0,NOUN
vstupu,1,Ano0,NOUN
Turecka,0,Ano0,PROPN
dopředu,1,Ano0,ADV
",",1,Ano0,PUNCT
směrem,1,Ano0,NOUN
k,1,Ano0,ADP
výhodám,0,Ano0,NOUN
pro,0,Ano0,ADP
všechny,0,Ano0,DET
obyvatele,0,Ano0,NOUN
Turecka,0,Ano0,PROPN
.,0,Ano0,PUNCT
Přesto,0,Ano0,ADV
závisí,0,Ano0,VERB
pokrok,0,Ano0,NOUN
v,1,Ano0,ADP
procesu,0,Ano0,NOUN
přistoupení,1,Ano0,NOUN
v,1,Ano0,ADP
podstatné,0,Ano0,ADJ
míře,0,Ano0,NOUN
a,0,Ano0,CCONJ
především,0,Ano0,ADV
na,1,Ano0,ADP
chování,1,Ano0,NOUN
Turecka,0,Ano0,PROPN
.,0,Ano0,PUNCT
člen,0,Ano0,NOUN
Komise,0,Ano0,NOUN
.,0,Ano0,PUNCT
Vážený,0,Ano0,ADJ
pane,0,Ano0,NOUN
předsedo,0,Ano0,NOUN
",",0,Ano0,PUNCT
dovolte,0,Ano0,VERB
mi,0,Ano0,PRON
v,1,Ano0,ADP
první,0,Ano0,ADJ
řadě,1,Ano0,NOUN
poblahopřát,0,Ano0,VERB
pani,0,Ano0,NOUN
Oomenové,0,Ano0,PROPN
-,0,Ano0,PUNCT
Ruijtenové,0,Ano0,PROPN
k,1,Ano0,ADP
její,0,Ano0,DET
výstižné,0,Ano0,ADJ
zprávě,0,Ano0,NOUN
a,0,Ano0,CCONJ
k,1,Ano0,ADP
návrhu,0,Ano0,NOUN
",",0,Ano0,PUNCT
který,0,Ano0,DET
je,0,Ano0,AUX
důkladný,0,Ano0,ADJ
a,0,Ano0,CCONJ
zároveň,0,Ano0,ADV
spravedlivý,0,Ano0,ADJ
.,0,Ano0,PUNCT
Začátkem,0,Ano0,NOUN
tohoto,0,Ano0,DET
roku,0,Ano0,NOUN
prošlo,1,Ano0,VERB
Turecko,0,Ano0,PROPN
velmi,0,Ano0,ADV
náročným,0,Ano0,ADJ
obdobím,0,Ano0,NOUN
vážné,1,Ano0,ADJ
ústavní,0,Ano0,ADJ
krize,0,Ano0,NOUN
a,0,Ano0,CCONJ
politického,0,Ano0,ADJ
napětí,1,Ano0,NOUN
.,1,Ano0,PUNCT
I,0,Ano0,CCONJ
přes,1,Ano0,ADP
tento,0,Ano0,DET
složitý,0,Ano0,ADJ
problém,0,Ano0,NOUN
uskutečnilo,1,Ano0,VERB
Turecko,0,Ano0,PROPN
své,1,Ano0,DET
parlamentní,0,Ano0,ADJ
a,0,Ano0,CCONJ
prezidentské,0,Ano0,ADJ
volby,0,Ano0,NOUN
v,1,Ano0,ADP
duchu,1,Ano0,NOUN
demokratických,0,Ano0,ADJ
zásad,0,Ano0,NOUN
a,0,Ano0,CCONJ
s,1,Ano0,ADP
velmi,0,Ano0,ADV
vysokou,1,Ano0,ADJ
účastí,0,Ano0,NOUN
obyvatelstva,0,Ano0,NOUN
.,0,Ano0,PUNCT
Sháněl,0,group_0,VERB
",",0,group_0,PUNCT
zabíjel,0,group_0,VERB
a,0,group_0,CCONJ
smažil,0,group_0,VERB
kapry,0,group_0,NOUN
",",0,group_0,PUNCT
kupoval,0,group_0,VERB
a,0,group_0,CCONJ
zdobil,0,group_0,VERB
stromek,0,group_0,NOUN
",",0,group_0,PUNCT
pečlivě,0,group_0,ADV
balil,0,group_0,VERB
dárky,0,group_0,NOUN
a,0,group_0,CCONJ
k,1,group_0,ADP
večeři,0,group_0,NOUN
se,0,group_0,PRON
převlékal,0,group_0,VERB
do,0,group_0,ADP
slavnostního,0,group_0,ADJ
.,0,group_0,PUNCT
Všechny,0,group_0,DET
ty,0,group_0,DET
obvyklé,0,group_0,ADJ
věci,0,group_0,NOUN
.,0,group_0,PUNCT
Když,0,group_0,SCONJ
se,0,group_0,PRON
před,1,group_0,ADP
třemi,0,group_0,NUM
lety,0,group_0,NOUN
rozvedl,0,group_0,VERB
",",0,group_0,PUNCT
Vánoce,0,group_0,PROPN
pro,0,group_0,ADP
něho,0,group_0,PRON
prakticky,0,group_0,ADV
ztratily,1,group_0,VERB
smysl,0,group_0,NOUN
.,0,group_0,PUNCT
Také,0,group_0,ADV
letošní,0,group_0,ADJ
svátky,0,group_0,NOUN
klidu,0,group_0,NOUN
a,0,group_0,CCONJ
míru,0,group_0,NOUN
byly,0,group_0,AUX
jen,0,group_0,ADV
nepříjemnou,0,group_0,ADJ
připomínkou,0,group_0,NOUN
skutečnosti,0,group_0,NOUN
",",0,group_0,PUNCT
že,0,group_0,SCONJ
bez,0,group_0,ADP
rodiny,0,group_0,NOUN
není,0,group_0,AUX
jaksi,0,group_0,ADV
co,0,group_0,PRON
oslavovat,0,group_0,VERB
.,0,group_0,PUNCT
Oskar,0,group_0,PROPN
sice,0,group_0,CCONJ
zrovna,0,group_0,ADV
chodil,1,group_0,VERB
s,0,group_0,ADP
jistou,0,group_0,ADJ
mladou,0,group_0,ADJ
dívkou,0,group_0,NOUN
",",0,group_0,PUNCT
ale,0,group_0,CCONJ
tu,0,group_0,DET
tak,0,group_0,ADV
často,0,group_0,ADV
přesvědčoval,0,group_0,VERB
o,0,group_0,ADP
své,0,group_0,DET
potřebě,0,group_0,NOUN
samoty,0,group_0,NOUN
a,0,group_0,CCONJ
nezávislosti,0,group_0,NOUN
",",0,group_0,PUNCT
že,0,group_0,SCONJ
ji,0,group_0,PRON
po,0,group_0,ADP
pravdě,0,group_0,NOUN
řečeno,0,group_0,ADJ
vůbec,0,group_0,PART
nenapadlo,1,group_0,VERB
",",1,group_0,PUNCT
aby,0,group_0,_
na,1,group_0,ADP
Vánoce,0,group_0,PROPN
zůstala,0,group_0,VERB
s,0,group_0,ADP
ním,0,group_0,PRON
",",0,group_0,PUNCT
a,0,group_0,CCONJ
odjela,0,group_0,VERB
na,1,group_0,ADP
čtrnáct,0,group_0,NUM
dní,0,group_0,NOUN
k,0,group_0,ADP
rodičům,0,group_0,NOUN
na,1,group_0,ADP
Moravu,0,group_0,PROPN
.,0,group_0,PUNCT
Kdyby,0,group_0,_
mohl,0,group_0,VERB
",",0,group_0,PUNCT
nejradši,0,group_0,ADV
by,0,group_0,AUX
se,0,group_0,PRON
na,1,group_0,ADP
celý,0,group_0,ADJ
ty,0,group_0,DET
slavný,1,group_0,ADJ
Vánoce,0,group_0,PROPN
vykašlal,1,group_0,VERB
",",1,group_0,PUNCT
říkal,0,group_0,VERB
si,0,group_0,PRON
Oskar,0,group_0,PROPN
-,0,group_0,PUNCT
jenže,0,group_0,CCONJ
nemohl,0,group_0,VERB
.,0,group_0,PUNCT
Jednak,0,group_0,CCONJ
tu,1,group_0,ADV
byli,0,group_0,AUX
rodiče,0,group_0,NOUN
a,0,group_0,CCONJ
ostatní,0,group_0,ADJ
příbuzní,0,group_0,NOUN
",",0,group_0,PUNCT
a,0,group_0,CCONJ
pak,0,group_0,ADV
tu,1,group_0,ADV
byl,0,group_0,AUX
jeho,0,group_0,DET
syn,0,group_0,NOUN
.,0,group_0,PUNCT
Především,0,group_0,ADV
kvůli,0,group_0,ADP
němu,0,group_0,PRON
Oskar,0,group_0,PROPN
tradici,0,group_0,NOUN
Vánoc,0,group_0,PROPN
",",0,group_0,PUNCT
tu,0,group_0,DET
poloviční,0,group_0,ADJ
mrtvolu,1,group_0,NOUN
",",1,group_0,PUNCT
každoročně,0,group_0,ADV
s,1,group_0,ADP
odporem,0,group_0,NOUN
resuscitoval,1,group_0,VERB
:,1,group_0,PUNCT
za,0,group_0,ADP
jediné,0,group_0,ADJ
odpoledne,0,group_0,NOUN
nakoupil,0,group_0,VERB
dárky,0,group_0,NOUN
",",0,group_0,PUNCT
uklidil,0,group_0,VERB
jakž,0,group_0,ADV
takž,0,group_0,ADV
byt,0,group_0,NOUN
",",0,group_0,PUNCT
koupil,0,group_0,VERB
pár,0,group_0,NOUN
smrkových,0,group_0,ADJ
větví,0,group_0,NOUN
",",0,group_0,PUNCT
strčil,0,group_0,VERB
je,0,group_0,PRON
do,0,group_0,ADP
vázy,0,group_0,NOUN
",",0,group_0,PUNCT
vyštrachal,0,group_0,VERB
několik,0,group_0,DET
zaprášených,0,group_0,ADJ
ozdob,0,group_0,NOUN
a,0,group_0,CCONJ
dvě,0,group_0,NUM
tři,0,group_0,NUM
použitelné,0,group_0,ADJ
svíčky,0,group_0,NOUN
a,0,group_0,CCONJ
bylo,0,group_0,AUX
to,0,group_0,DET
.,0,group_0,PUNCT
Syna,0,group_0,NOUN
(,1,group_0,PUNCT
v,1,group_0,ADP
listopadu,0,group_0,NOUN
mu,0,group_0,PRON
bylo,0,group_0,AUX
sedm,0,group_0,NUM
),0,group_0,PUNCT
mu,0,group_0,PRON
tentokrát,0,group_0,ADV
bývalá,0,group_0,ADJ
manželka,0,group_0,NOUN
přivezla,0,group_0,VERB
už,0,group_0,ADV
osmnáctého,0,group_0,ADJ
prosince,0,group_0,NOUN
ráno,0,group_0,ADV
",",0,group_0,PUNCT
zítra,0,group_0,ADV
v,1,group_0,ADP
poledne,0,group_0,NOUN
si,0,group_0,PRON
ho,0,group_0,PRON
vyzvedne,1,group_0,VERB
",",1,group_0,PUNCT
oznámila,0,group_0,VERB
mu,0,group_0,PRON
.,0,group_0,PUNCT
„,0,group_0,PUNCT
Dobře,0,group_0,ADV
",",0,group_0,PUNCT
”,0,group_0,PUNCT
řekl,0,group_0,VERB
Oskar,0,group_0,PROPN
co,0,group_0,SCONJ
možná,0,group_0,ADV
klidně,0,group_0,ADV
.,0,group_0,PUNCT
Později,0,group_0,ADV
to,0,group_0,DET
prý,0,group_0,PART
nejde,0,group_0,VERB
",",0,group_0,PUNCT
odjíždějí,0,group_0,VERB
na,1,group_0,ADP
hory,0,group_0,NOUN
",",0,group_0,PUNCT
dostalo,0,group_0,VERB
se,0,group_0,PRON
mu,0,group_0,PRON
vysvětlení,0,group_0,NOUN
.,0,group_0,PUNCT
Oskar,0,group_0,PROPN
lhostejně,0,group_0,ADV
přikývl,0,group_0,VERB
.,0,group_0,PUNCT
Takže,0,group_0,SCONJ
letos,0,group_0,ADV
bude,0,group_0,AUX
Štědrý,0,group_0,ADJ
den,0,group_0,NOUN
už,0,group_0,ADV
osmnáctého,0,group_0,ADJ
.,0,group_0,PUNCT
Příští,0,group_0,ADJ
rok,0,group_0,NOUN
možná,0,group_0,ADV
už,0,group_0,ADV
devátého,0,group_0,ADJ
…,0,group_0,PUNCT
Ale,0,group_0,CCONJ
co,0,group_0,PART
",",0,group_0,PUNCT
pomyslel,0,group_0,VERB
si,0,group_0,PRON
v,1,group_0,ADP
duchu,1,group_0,NOUN
",",1,group_0,PUNCT
pokud,0,group_0,SCONJ
jde,1,group_0,VERB
o,0,group_0,ADP
něj,0,group_0,PRON
",",0,group_0,PUNCT
může,0,group_0,VERB
ty,0,group_0,DET
podělaný,1,group_0,ADJ
Vánoce,0,group_0,NOUN
slavit,0,group_0,VERB
třeba,0,group_0,ADV
v,1,group_0,ADP
červenci,0,group_0,NOUN
.,0,group_0,PUNCT
Jemu,0,group_0,PRON
je,0,group_0,AUX
to,0,group_0,DET
jedno,1,group_0,NUM
.,1,group_0,PUNCT
„,0,group_0,PUNCT
Hezký,0,group_0,ADJ
Vánoce,0,group_0,PROPN
",",0,group_0,PUNCT
”,0,group_0,PUNCT
popřála,0,group_0,VERB
mu,0,group_0,PRON
exmanželka,0,group_0,NOUN
",",0,group_0,PUNCT
přibouchla,0,group_0,VERB
dveře,0,group_0,NOUN
od,0,group_0,ADP
auta,0,group_0,NOUN
a,0,group_0,CCONJ
odjela,0,group_0,VERB
.,0,group_0,PUNCT
Sli,0,group_0,VERB
se,0,group_0,ADP
synem,0,group_0,NOUN
do,0,group_0,ADP
kina,0,group_0,NOUN
",",0,group_0,PUNCT
po,0,group_0,ADP
filmu,0,group_0,NOUN
si,0,group_0,PRON
dali,0,group_0,VERB
v,0,group_0,ADP
pizzerii,0,group_0,NOUN
oběd,0,group_0,NOUN
a,0,group_0,CCONJ
nakonec,0,group_0,ADV
se,0,group_0,PRON
stavili,0,group_0,VERB
doma,0,group_0,ADV
pro,0,group_0,ADP
kapra,0,group_0,NOUN
.,0,group_0,PUNCT
Oskar,0,group_0,PROPN
ho,0,group_0,PRON
opatrně,0,group_0,ADV
vyndal,0,group_0,VERB
z,0,group_0,ADP
vany,0,group_0,NOUN
",",0,group_0,PUNCT
zabalil,0,group_0,VERB
ho,0,group_0,PRON
do,0,group_0,ADP
mokré,0,group_0,ADJ
utěrky,0,group_0,NOUN
a,0,group_0,CCONJ
uložil,0,group_0,VERB
do,0,group_0,ADP
igelitové,0,group_0,ADJ
tašky,0,group_0,NOUN
.,0,group_0,PUNCT
Potom,0,group_0,ADV
šli,0,group_0,VERB
k,0,group_0,ADP
Vltavě,0,group_0,PROPN
",",0,group_0,PUNCT
aby,0,group_0,_
ho,0,group_0,PRON
pustili,0,group_0,VERB
na,1,group_0,ADP
svobodu,0,group_0,NOUN
-,0,group_0,PUNCT
tuhle,0,group_0,DET
sentimentální,0,group_0,ADJ
kravinu,0,group_0,NOUN
podstupoval,0,group_0,VERB
Oskar,0,group_0,PROPN
obzvláště,0,group_0,ADV
nerad,0,group_0,ADJ
",",0,group_0,PUNCT
ale,0,group_0,CCONJ
kvůli,0,group_0,ADP
synovi,0,group_0,NOUN
se,0,group_0,PRON
každý,0,group_0,DET
rok,0,group_0,NOUN
nakonec,0,group_0,ADV
vždycky,0,group_0,ADV
přemohl,1,group_0,VERB
.,1,group_0,PUNCT
Cestou,0,group_0,NOUN
se,0,group_0,PRON
koulovali,0,group_0,VERB
špinavým,0,group_0,ADJ
městským,0,group_0,ADJ
sněhem,0,group_0,NOUN
",",0,group_0,PUNCT
nahlíželi,0,group_0,VERB
do,0,group_0,ADP
osvětlených,0,group_0,ADJ
výloh,0,group_0,NOUN
přecpaných,0,group_0,ADJ
obchodů,0,group_0,NOUN
a,0,group_0,CCONJ
v,0,group_0,ADP
jednom,0,group_0,NUM
z,0,group_0,ADP
nich,0,group_0,PRON
společně,0,group_0,ADV
vybrali,0,group_0,VERB
dárek,0,group_0,NOUN
mámě,0,group_0,NOUN
.,0,group_0,PUNCT
Než,0,group_0,SCONJ
dorazili,0,group_0,VERB
k,0,group_0,ADP
řece,0,group_0,NOUN
",",0,group_0,PUNCT
setmělo,0,group_0,VERB
se,0,group_0,PRON
.,0,group_0,PUNCT
Nábřeží,0,group_0,NOUN
bylo,0,group_0,AUX
mizerně,0,group_0,ADV
osvětlené,0,group_0,ADJ
a,0,group_0,CCONJ
Oskar,0,group_0,PROPN
se,0,group_0,PRON
bál,0,group_0,VERB
",",0,group_0,PUNCT
aby,0,group_0,_
syn,0,group_0,NOUN
nespadl,0,group_0,VERB
do,0,group_0,ADP
vody,0,group_0,NOUN
.,0,group_0,PUNCT
Vybalil,0,group_0,VERB
kapra,0,group_0,NOUN
",",0,group_0,PUNCT
volnou,0,group_0,ADJ
rukou,0,group_0,NOUN
objal,0,group_0,VERB
chlapce,0,group_0,NOUN
kolem,0,group_0,ADP
pasu,0,group_0,NOUN
a,0,group_0,CCONJ
společně,0,group_0,ADV
se,0,group_0,PRON
naklonili,0,group_0,VERB
nad,0,group_0,ADP
černou,0,group_0,ADJ
hladinu,0,group_0,NOUN
.,0,group_0,PUNCT
„,0,group_0,PUNCT
Milý,0,group_0,ADJ
kapříku,0,group_0,NOUN
",",0,group_0,PUNCT
přejeme,0,group_0,VERB
ti,0,group_0,PRON
",",0,group_0,PUNCT
aby,0,group_0,_
ses,0,group_0,PRON
tu,0,group_0,ADV
měl,0,group_0,VERB
moc,0,group_0,ADV
krásně,0,group_0,ADV
a,0,group_0,CCONJ
našel,0,group_0,VERB
sis,0,group_0,AUX
tu,0,group_0,ADV
nové,0,group_0,ADJ
kamarády,0,group_0,NOUN
",",0,group_0,PUNCT
”,0,group_0,PUNCT
popřál,0,group_0,VERB
rybě,0,group_0,NOUN
s,0,group_0,ADP
dojemnou,0,group_0,ADJ
vážností,0,group_0,NOUN
syn,0,group_0,NOUN
.,0,group_0,PUNCT
„,0,group_0,PUNCT
Tak,0,group_0,CCONJ
tě,0,group_0,PRON
pic,0,group_0,VERB
a,0,group_0,CCONJ
děkuj,0,group_0,VERB
bohu,0,group_0,NOUN
",",0,group_0,PUNCT
že,0,group_0,SCONJ
jsme,0,group_0,AUX
tě,0,group_0,PRON
nesežrali,0,group_0,VERB
",",0,group_0,PUNCT
”,0,group_0,PUNCT
doplnil,0,group_0,VERB
Oskar,0,group_0,PROPN
.,0,group_0,PUNCT
Syn,0,group_0,NOUN
se,0,group_0,PRON
rozesmál,0,group_0,VERB
",",0,group_0,PUNCT
ale,0,group_0,CCONJ
potom,0,group_0,ADV
už,0,group_0,ADV
ze,0,group_0,ADP
sebe,0,group_0,PRON
smích,0,group_0,NOUN
křečovitě,0,group_0,ADV
nutil,0,group_0,VERB
",",0,group_0,PUNCT
což,0,group_0,PRON
byla,0,group_0,AUX
jedna,0,group_0,NUM
z,0,group_0,ADP
věcí,0,group_0,NOUN
",",0,group_0,PUNCT
které,0,group_0,DET
šly,1,group_0,VERB
Oskarovy,0,group_0,ADJ
odjakživa,0,group_0,ADV
na,1,group_0,ADP
nervy,1,group_0,NOUN
.,1,group_0,PUNCT
„,0,group_0,PUNCT
Raz,0,group_0,INTJ
",",0,group_0,PUNCT
dva,0,group_0,NUM
",",0,group_0,PUNCT
tři,0,group_0,NUM
!,0,group_0,PUNCT
”,0,group_0,PUNCT
zvolal,0,group_0,VERB
a,0,group_0,CCONJ
s,0,group_0,ADP
okázalým,0,group_0,ADJ
rozmachem,0,group_0,NOUN
hodil,0,group_0,VERB
kapra,0,group_0,NOUN
do,0,group_0,ADP
vody,0,group_0,NOUN
.,0,group_0,PUNCT
„,0,group_0,PUNCT
Tak,0,group_0,ADV
plav,0,group_0,VERB
a,0,group_0,CCONJ
bud,0,group_0,AUX
rád,0,group_0,ADJ
",",0,group_0,PUNCT
že,0,group_0,SCONJ
jsme,0,group_0,AUX
tě,0,group_0,PRON
nesežrali,0,group_0,VERB
!,0,group_0,PUNCT
”,0,group_0,NOUN
vykřikl,0,group_0,VERB
syn,0,group_0,NOUN
.,0,group_0,PUNCT
Ryba,0,group_0,NOUN
se,0,group_0,PRON
potopila,0,group_0,VERB
a,0,group_0,CCONJ
hned,0,group_0,ADV
vzápětí,0,group_0,ADV
zase,0,group_0,ADV
vynořila,0,group_0,VERB
",",0,group_0,PUNCT
avšak,0,group_0,CCONJ
namísto,0,group_0,ADP
očekávaného,0,group_0,ADJ
bystrého,0,group_0,ADJ
",",0,group_0,PUNCT
ne,0,group_0,PART
-,0,group_0,PUNCT
li,0,group_0,SCONJ
přímo,0,group_0,ADV
vděčného,0,group_0,ADJ
švihnutí,0,group_0,NOUN
ocasní,0,group_0,ADJ
ploutví,0,group_0,NOUN
se,0,group_0,PRON
pomalu,0,group_0,ADV
",",0,group_0,PUNCT
ale,0,group_0,CCONJ
nezadržitelně,0,group_0,ADV
otočila,0,group_0,VERB
světlým,0,group_0,ADJ
břichem,0,group_0,NOUN
vzhůru,0,group_0,ADV
.,0,group_0,PUNCT
Dítě,0,group_0,NOUN
okamžitě,0,group_0,ADV
zvážnělo,0,group_0,VERB
a,0,group_0,CCONJ
nervózně,0,group_0,ADV
vzhlédlo,0,group_0,VERB
k,0,group_0,ADP
otci,0,group_0,NOUN
.,0,group_0,PUNCT
„,0,group_0,PUNCT
Není,0,group_0,AUX
mrtvej,0,group_0,ADJ
",",0,group_0,PUNCT
že,0,group_0,SCONJ
ne,0,group_0,PART
?,0,group_0,PUNCT
”,0,group_0,PUNCT
tázalo,0,group_0,VERB
se,0,group_0,PRON
s,1,group_0,ADP
úzkostí,0,group_0,NOUN
v,1,group_0,ADP
hlase,0,group_0,NOUN
.,0,group_0,PUNCT
Oskar,0,group_0,PROPN
se,0,group_0,PRON
snažil,0,group_0,VERB
skrýt,1,group_0,VERB
paniku,0,group_0,NOUN
a,0,group_0,CCONJ
s,1,group_0,ADP
předstíraným,0,group_0,ADJ
klidem,0,group_0,NOUN
se,0,group_0,PRON
díval,0,group_0,VERB
",",0,group_0,PUNCT
jak,0,group_0,SCONJ
ledový,0,group_0,ADJ
černý,0,group_0,ADJ
proud,0,group_0,NOUN
unáší,0,group_0,VERB
nehybné,0,group_0,ADJ
rybí,0,group_0,ADJ
tělo,0,group_0,NOUN
kamsi,0,group_0,ADV
k,0,group_0,ADP
pilířům,0,group_0,NOUN
železničního,0,group_0,ADJ
mostu,0,group_0,NOUN
.,0,group_0,PUNCT
„,0,group_0,PUNCT
Neboj,0,group_0,VERB
",",0,group_0,PUNCT
bude,0,group_0,AUX
v,1,group_0,ADP
pohodě,0,group_0,NOUN
",",0,group_0,PUNCT
”,0,group_0,PUNCT
ujistil,0,group_0,VERB
syna,0,group_0,NOUN
.,0,group_0,PUNCT
„,1,group_0,PUNCT
Za,1,group_0,ADP
chvíli,0,group_0,NOUN
se,0,group_0,PRON
vzpamatuje,0,group_0,VERB
.,0,group_0,PUNCT
”,0,group_0,NOUN
„,0,group_0,PUNCT
Určitě,0,group_0,ADV
",",0,group_0,PUNCT
tati,0,group_0,NOUN
?,0,group_0,PUNCT
”,0,group_0,PUNCT
řekl,0,group_0,VERB
chlapec,0,group_0,NOUN
a,0,group_0,CCONJ
zajíkl,0,group_0,VERB
se,0,group_0,PRON
.,0,group_0,PUNCT
„,0,group_0,PUNCT
Určitě,0,group_0,ADV
se,0,group_0,PRON
vzpamatuje,0,group_0,VERB
?,0,group_0,PUNCT
”,0,group_0,PUNCT
Oskar,0,group_0,PROPN
jeho,0,group_0,DET
pohled,0,group_0,NOUN
nedokázal,0,group_0,VERB
snést,1,group_0,VERB
.,1,group_0,PUNCT
„,0,group_0,PUNCT
Určitě,0,group_0,ADV
.,0,group_0,PUNCT
Vždycky,0,group_0,ADV
pár,0,group_0,NOUN
vteřin,0,group_0,NOUN
trvá,0,group_0,VERB
",",0,group_0,PUNCT
než,0,group_0,SCONJ
se,0,group_0,PRON
mu,0,group_0,PRON
zase,0,group_0,ADV
okysličí,0,group_0,VERB
krev,0,group_0,NOUN
.,0,group_0,PUNCT
”,0,group_0,PUNCT
„,0,group_0,PUNCT
Přísahej,0,group_0,VERB
",",0,group_0,PUNCT
”,0,group_0,PUNCT
žádal,0,group_0,VERB
ho,0,group_0,PRON
syn,0,group_0,NOUN
.,0,group_0,PUNCT
V,0,group_0,ADP
jeho,0,group_0,DET
očích,0,group_0,NOUN
byly,0,group_0,AUX
slzy,0,group_0,NOUN
.,0,group_0,PUNCT
Oskar,0,group_0,PROPN
k,0,group_0,ADP
němu,0,group_0,PRON
přiklekl,0,group_0,VERB
a,0,group_0,CCONJ
uchopil,0,group_0,VERB
ho,0,group_0,PRON
za,0,group_0,ADP
ramena,0,group_0,NOUN
.,0,group_0,PUNCT
„,0,group_0,PUNCT
Přísahám,0,group_0,VERB
ti,0,group_0,PRON
",",0,group_0,PUNCT
že,0,group_0,SCONJ
se,0,group_0,PRON
za,1,group_0,ADP
chvíli,0,group_0,NOUN
vzpamatuje,0,group_0,VERB
!,0,group_0,PUNCT
”,0,group_0,PUNCT
řekl,0,group_0,VERB
s,0,group_0,ADP
maximální,0,group_0,ADJ
možnou,0,group_0,ADJ
přesvědčivostí,0,group_0,NOUN
.,0,group_0,PUNCT
V,1,group_0,ADP
duchu,1,group_0,NOUN
se,0,group_0,PRON
modlil,0,group_0,VERB
",",0,group_0,PUNCT
aby,0,group_0,_
toho,0,group_0,DET
leklýho,0,group_0,ADJ
chcípáka,0,group_0,NOUN
konečně,0,group_0,ADV
ztratili,0,group_0,VERB
z,0,group_0,ADP
dohledu,0,group_0,NOUN
.,0,group_0,PUNCT
Ani,0,group_0,PART
večer,0,group_0,NOUN
se,0,group_0,PRON
příliš,0,group_0,ADV
nepovedl,0,group_0,VERB
.,0,group_0,PUNCT
a,0,group_10,CCONJ
co,0,group_10,PRON
Nikolka,0,group_10,PROPN
kdyžs,0,group_10,SCONJ
jí,0,group_10,PRON
to,0,group_10,DET
dala,0,group_10,VERB
",",0,group_10,PUNCT
říká,0,group_10,VERB
",",0,group_10,PUNCT
já,0,group_10,PRON
takový,0,group_10,DET
doma,0,group_10,ADV
mám,0,group_10,VERB
.,0,group_10,PUNCT
já,0,group_10,PRON
říkám,0,group_10,VERB
.,0,group_10,PUNCT
jo,0,group_10,PART
.,0,group_10,PUNCT
přesně,0,group_10,ADV
.,0,group_10,PUNCT
ano,0,group_10,PART
",",0,group_10,PUNCT
a,0,group_10,CCONJ
já,0,group_10,PRON
sem,0,group_10,ADV
jí,0,group_10,PRON
a,0,group_10,CCONJ
už,0,group_10,ADV
předtým,0,group_10,ADJ
sem,0,group_10,ADV
jí,0,group_10,PRON
říkala,0,group_10,VERB
.,0,group_10,PUNCT
já,0,group_10,PRON
sem,0,group_10,ADV
ti,0,group_10,PRON
kúpila,0,group_10,VERB
takový,0,group_10,DET
oranžový,0,group_10,ADJ
nátělníček,0,group_10,NOUN
a,0,group_10,CCONJ
.,0,group_10,PUNCT
ona,0,group_10,PRON
říká,0,group_10,VERB
",",0,group_10,PUNCT
já,0,group_10,PRON
sem,0,group_10,ADV
si,0,group_10,PRON
na,1,group_10,ADP
to,0,group_10,DET
akorát,0,group_10,ADV
myslela,0,group_10,VERB
.,0,group_10,PUNCT
že,0,group_10,SCONJ
bych,0,group_10,AUX
od,1,group_10,ADP
tebe,0,group_10,PRON
mohla,0,group_10,VERB
dostat,0,group_10,VERB
neco,0,group_10,PRON
oranžového,0,group_10,ADJ
",",0,group_10,PUNCT
ne,0,group_10,PART
ju,0,group_10,PRON
nekdy,0,group_10,ADV
fakt,0,group_10,PART
napadne,1,group_10,VERB
ona,0,group_10,PRON
má,0,group_10,VERB
takové,0,group_10,DET
jakože,0,group_10,SCONJ
hlášky,1,group_10,NOUN
.,1,group_10,PUNCT
že,0,group_10,SCONJ
to,0,group_10,DET
to,0,group_10,DET
bys,0,group_10,AUX
.,0,group_10,PUNCT
jako,0,group_10,SCONJ
ona,0,group_10,PRON
zkouší,0,group_10,VERB
no,0,group_10,PART
.,0,group_10,PUNCT
ale,0,group_10,CCONJ
má,0,group_10,VERB
doma,0,group_10,ADV
ňáký,0,group_10,DET
oranžový,0,group_10,ADJ
ale,0,group_10,CCONJ
mmm,0,group_10,ADV
ne,0,group_10,PART
šatičky,0,group_10,NOUN
jako,0,group_10,SCONJ
má,0,group_10,VERB
enom,0,group_10,ADV
ňáké,0,group_10,DET
tričko,0,group_10,NOUN
.,0,group_10,PUNCT
má,0,group_10,VERB
tričko,0,group_10,NOUN
oranžové,0,group_10,ADJ
to,0,group_10,DET
vlastně,0,group_10,ADV
dostala,0,group_10,VERB
ode,1,group_10,ADP
mě,0,group_10,PRON
",",0,group_10,PUNCT
jedno,0,group_10,NUM
.,0,group_10,PUNCT
pak,0,group_10,ADV
má,0,group_10,VERB
eště,0,group_10,ADV
druhé,0,group_10,ADJ
ňáké,0,group_10,ADJ
",",0,group_10,PUNCT
ale,0,group_10,CCONJ
jako,0,group_10,SCONJ
šatičky,0,group_10,NOUN
oranžové,0,group_10,ADJ
nemá,0,group_10,VERB
.,0,group_10,PUNCT
ale,0,group_10,CCONJ
tak,0,group_10,ADV
to,0,group_10,DET
ona,0,group_10,PRON
všechno,0,group_10,DET
pláce,1,group_10,VERB
dohromady,0,group_10,ADV
-,0,group_10,PUNCT
ale,0,group_10,CCONJ
ne,0,group_10,PART
šak,0,group_10,ADV
to,0,group_10,DET
je,0,group_10,AUX
takový,0,group_10,DET
nátělník,0,group_10,NOUN
.,0,group_10,PUNCT
ale,0,group_10,CCONJ
",",0,group_10,PUNCT
a,0,group_10,CCONJ
tož,0,group_10,PART
tak,0,group_10,ADV
no,0,group_10,PART
.,0,group_10,PUNCT
tak,0,group_10,ADV
sem,0,group_10,ADV
ale,0,group_10,CCONJ
já,0,group_10,PRON
sem,0,group_10,ADV
tento,0,group_10,DET
týden,0,group_10,NOUN
neměla,0,group_10,VERB
čas,0,group_10,NOUN
to,0,group_10,DET
",",0,group_10,PUNCT
já,0,group_10,PRON
sem,0,group_10,ADV
si,0,group_10,PRON
myslela,0,group_10,VERB
že,0,group_10,SCONJ
to,0,group_10,DET
tam,0,group_10,ADV
bude,0,group_10,AUX
že,0,group_10,SCONJ
to,0,group_10,DET
přešiju,0,group_10,VERB
.,0,group_10,PUNCT
enomže,0,group_10,CCONJ
sem,0,group_10,ADV
",",0,group_10,PUNCT
jezdila,0,group_10,VERB
do,0,group_10,ADP
toho,0,group_10,DET
Kyjova,0,group_10,PROPN
",",0,group_10,PUNCT
pracovně,0,group_10,ADV
.,0,group_10,PUNCT
takže,0,group_10,SCONJ
to,0,group_10,DET
já,0,group_10,PRON
nemám,0,group_10,VERB
čas,0,group_10,NOUN
",",0,group_10,PUNCT
já,0,group_10,PRON
dyž,0,group_10,SCONJ
su,0,group_10,AUX
v,0,group_10,ADP
Kyjově,0,group_10,PROPN
tak,0,group_10,ADV
dojedu,0,group_10,VERB
dom,0,group_10,ADV
o,1,group_10,ADP
půl,0,group_10,NUM
šesté,0,group_10,ADJ
",",0,group_10,PUNCT
fakt,0,group_10,PART
?,0,group_10,PUNCT
ano,0,group_10,PART
",",0,group_10,PUNCT
já,0,group_10,PRON
jedu,0,group_10,VERB
",",0,group_10,PUNCT
eee,0,group_10,INTJ
.,0,group_10,PUNCT
tam,0,group_10,ADV
je,0,group_10,AUX
totiž,0,group_10,CCONJ
pracovní,0,group_10,ADJ
doba,0,group_10,NOUN
od,1,group_10,ADP
osmi,0,group_10,NUM
do,1,group_10,ADP
čtyřech,0,group_10,NUM
",",0,group_10,PUNCT
otevřené,1,group_10,ADJ
je,0,group_10,AUX
tam,0,group_10,ADV
od,1,group_10,ADP
osmi,0,group_10,NUM
do,1,group_10,ADP
čtyř,0,group_10,NUM
.,0,group_10,PUNCT
takže,0,group_10,SCONJ
já,0,group_10,PRON
.,0,group_10,PUNCT
vyjedu,1,group_10,VERB
v,1,group_10,ADP
sedum,0,group_10,NOUN
",",0,group_10,PUNCT
ráno,0,group_10,ADV
z,0,group_10,ADP
Veselí,0,group_10,PROPN
.,0,group_10,PUNCT
ve,1,group_10,ADP
štyři,0,group_10,NUM
zavírám,1,group_10,VERB
",",1,group_10,PUNCT
a,0,group_10,CCONJ
šesnác,0,group_10,NUM
třicet,0,group_10,NUM
pět,0,group_10,NUM
mně,0,group_10,PRON
jede,0,group_10,VERB
vlak,0,group_10,NOUN
",",0,group_10,PUNCT
takže,0,group_10,SCONJ
je,0,group_10,AUX
až,0,group_10,PART
po,1,group_10,ADP
páté,0,group_10,ADJ
ve,0,group_10,ADP
Veselí,0,group_10,PROPN
a,0,group_10,CCONJ
já,0,group_10,PRON
fakt,0,group_10,PART
dojdu,0,group_10,VERB
dom,0,group_10,ADV
o,1,group_10,ADP
půl,0,group_10,NUM
šesté,0,group_10,ADJ
",",0,group_10,PUNCT
ty,0,group_10,PRON
jo,0,group_10,PART
a,0,group_10,CCONJ
v,1,group_10,ADP
kolik,0,group_10,DET
vycház,0,group_10,VERB
*,0,group_10,PUNCT
v,1,group_10,ADP
kolik,0,group_10,DET
vstáváš,0,group_10,VERB
ráno,0,group_10,ADV
",",0,group_10,PUNCT
eee,0,group_10,INTJ
.,0,group_10,PUNCT
v,1,group_10,ADP
šest,0,group_10,NUM
hmm,0,group_10,NOUN
jo,0,group_10,PART
",",0,group_10,PUNCT
takže,0,group_10,SCONJ
",",0,group_10,PUNCT
vidíš,1,group_10,VERB
.,1,group_10,PUNCT
jako,0,group_10,SCONJ
.,0,group_10,PUNCT
v,0,group_10,ADP
Kyjově,0,group_10,PROPN
zas,0,group_10,ADV
odpočívám,0,group_10,VERB
teda,0,group_10,CCONJ
tam,0,group_10,ADV
nikdo,0,group_10,PRON
nechodí,1,group_10,VERB
",",1,group_10,PUNCT
ale,0,group_10,CCONJ
tož,0,group_10,PART
",",0,group_10,PUNCT
je,0,group_10,AUX
to,0,group_10,DET
tam,0,group_10,ADV
.,0,group_10,PUNCT
nadlúho,0,group_10,ADV
.,0,group_10,PUNCT
a,0,group_10,CCONJ
nechodí,1,group_10,VERB
tam,0,group_10,ADV
moc,0,group_10,ADV
lidí,0,group_10,NOUN
jako,0,group_10,SCONJ
?,0,group_10,PUNCT
tam,0,group_10,ADV
nechodí,1,group_10,VERB
.,1,group_10,PUNCT
tam,0,group_10,ADV
fakt,0,group_10,PART
třeba,0,group_10,ADV
je,0,group_10,AUX
deset,0,group_10,NUM
lidí,0,group_10,NOUN
za,1,group_10,ADP
den,0,group_10,NOUN
",",0,group_10,PUNCT
a,0,group_10,CCONJ
ve,0,group_10,ADP
Veselí,0,group_10,PROPN
víc,0,group_10,ADV
.,0,group_10,PUNCT
jako,0,group_10,SCONJ
",",0,group_10,PUNCT
no,0,group_10,PART
ve,0,group_10,ADP
Veselí,0,group_10,PROPN
jeden,0,group_10,NUM
za,1,group_10,ADP
druhým,0,group_10,ADJ
",",0,group_10,PUNCT
a,0,group_10,CCONJ
jakto,0,group_10,ADV
?,0,group_10,PUNCT
jak,0,group_10,ADV
.,0,group_10,PUNCT
tož,0,group_10,PART
v,0,group_10,ADP
Kyjově,0,group_10,PROPN
máme,0,group_10,VERB
",",0,group_10,PUNCT
tisíc,0,group_10,NUM
pojištěnců,0,group_10,NOUN
u,1,group_10,ADP
nasí,0,group_10,NOUN
u,1,group_10,ADP
naší,0,group_10,DET
pojišťovny,0,group_10,NOUN
",",0,group_10,PUNCT
a,0,group_10,CCONJ
ve,0,group_10,ADP
Veselí,0,group_10,PROPN
přes,1,group_10,ADP
šest,0,group_10,NUM
tisíc,0,group_10,NUM
",",0,group_10,PUNCT
takže,0,group_10,SCONJ
vlastně,0,group_10,ADV
logicky,0,group_10,ADV
k,1,group_10,ADP
nám,0,group_10,PRON
chodí,1,group_10,VERB
šestkrát,0,group_10,ADV
tolik,0,group_10,DET
lidí,0,group_10,NOUN
",",0,group_10,PUNCT
takže,0,group_10,SCONJ
dyž,0,group_10,SCONJ
do,0,group_10,ADP
Kyjova,0,group_10,PROPN
dojde,1,group_10,VERB
deset,0,group_10,NUM
tak,0,group_10,ADV
k,1,group_10,ADP
nám,0,group_10,PRON
šedesát,0,group_10,NUM
že,0,group_10,SCONJ
",",0,group_10,PUNCT
a,0,group_10,CCONJ
jaktože,0,group_10,SCONJ
je,0,group_10,AUX
tady,0,group_10,ADV
toli,0,group_10,DET
*,0,group_10,PUNCT
o,1,group_10,ADP
tolik,0,group_10,DET
víc,0,group_10,ADV
jako,0,group_10,SCONJ
?,0,group_10,PUNCT
tož,0,group_10,PART
protože,0,group_10,SCONJ
",",0,group_10,PUNCT
tady,0,group_10,ADV
byly,0,group_10,AUX
železárny,0,group_10,NOUN
",",0,group_10,PUNCT
a,0,group_10,CCONJ
vlasně,0,group_10,ADV
to,0,group_10,DET
dyž,0,group_10,SCONJ
začalo,0,group_10,VERB
",",0,group_10,PUNCT
tak,0,group_10,ADV
eee,0,group_10,INTJ
",",0,group_10,PUNCT
závodní,0,group_10,ADJ
doktor,0,group_10,NOUN
z,1,group_10,ADP
železáren,0,group_10,NOUN
všecky,0,group_10,DET
",",0,group_10,PUNCT
posílal,0,group_10,VERB
k,1,group_10,ADP
nas,0,group_10,PRON
*,0,group_10,PUNCT
k,1,group_10,ADP
naší,0,group_10,DET
pojišťovně,0,group_10,NOUN
zdravotní,0,group_10,ADJ
.,0,group_10,PUNCT
takže,0,group_10,SCONJ
to,0,group_10,DET
bylo,0,group_10,AUX
tak,0,group_10,ADV
",",0,group_10,PUNCT
aha,0,group_10,PART
.,0,group_10,PUNCT
tak,0,group_10,ADV
to,0,group_10,DET
je,0,group_10,AUX
dobré,0,group_10,ADJ
ne,0,group_10,PART
?,0,group_10,PUNCT
tož,0,group_10,PART
ba,0,group_10,PART
jasně,0,group_10,ADV
",",0,group_10,PUNCT
to,0,group_10,DET
je,0,group_10,AUX
výborné,0,group_10,ADJ
",",0,group_10,PUNCT
takže,0,group_10,SCONJ
tak,0,group_10,ADV
tak,0,group_10,ADV
tak,0,group_10,ADV
tak,0,group_10,ADV
sem,1,group_10,ADV
si,1,group_10,PRON
říkala,1,group_10,VERB
jak,0,group_10,ADV
bude,0,group_10,AUX
o,1,group_10,ADP
víkendu,0,group_10,NOUN
krásně,0,group_10,ADV
.,0,group_10,PUNCT
že,0,group_10,SCONJ
pojedeme,0,group_10,VERB
do,0,group_10,ADP
Luhačovic,0,group_10,PROPN
",",0,group_10,PUNCT
na,1,group_10,ADP
to,0,group_10,DET
otvírání,1,group_10,NOUN
pramenů,0,group_10,NOUN
a,0,group_10,CCONJ
nic,0,group_10,PRON
nic,0,group_10,PRON
.,0,group_10,PUNCT
A,0,group_10,CCONJ
kdy,0,group_10,ADV
to,0,group_10,DET
mělo,0,group_10,VERB
byt,0,group_10,VERB
",",0,group_10,PUNCT
to,0,group_10,DET
to,0,group_10,DET
bylo,0,group_10,AUX
dnes,0,group_10,ADV
.,0,group_10,PUNCT
no,0,group_10,PART
ale,0,group_10,CCONJ
nevim,0,group_10,VERB
jak,0,group_10,ADV
jim,0,group_10,PRON
to,0,group_10,DET
vyšlo,1,group_10,VERB
.,1,group_10,PUNCT
prtože,0,group_10,SCONJ
tam,0,group_10,ADV
bylo,0,group_10,AUX
",",0,group_10,PUNCT
od,1,group_10,ADP
jedné,0,group_10,NUM
hodiny,0,group_10,NOUN
tam,0,group_10,ADV
byl,0,group_10,AUX
jarmak,0,group_10,NOUN
",",0,group_10,PUNCT
v,0,group_10,ADP
té,0,group_10,DET
nádražní,0,group_10,ADJ
ulici,0,group_10,NOUN
ale,0,group_10,CCONJ
my,0,group_10,PRON
sme,0,group_10,AUX
tam,0,group_10,ADV
nikdy,0,group_10,ADV
nebyli,0,group_10,AUX
ani,0,group_10,CCONJ
s,0,group_10,ADP
taťkou,0,group_10,NOUN
tak,0,group_10,ADV
já,0,group_10,PRON
nevím,0,group_10,VERB
jak,0,group_10,ADV
to,0,group_10,DET
tam,0,group_10,ADV
vypadá,0,group_10,VERB
",",0,group_10,PUNCT
ale,0,group_10,CCONJ
od,1,group_10,ADP
jedné,0,group_10,NUM
hodiny,0,group_10,NOUN
jarmak,0,group_10,NOUN
a,0,group_10,CCONJ
teďka,0,group_10,ADV
nevím,0,group_10,VERB
jesi,0,group_10,PRON
eee,0,group_10,PART
od,1,group_10,ADP
odpoledne,0,group_10,NOUN
prostě,0,group_10,ADV
tam,0,group_10,ADV
výstava,0,group_10,NOUN
veteránů,0,group_10,NOUN
aut,0,group_10,NOUN
a,0,group_10,CCONJ
eee,0,group_10,X
kol,1,group_10,NOUN
a,0,group_10,CCONJ
veteráni,0,group_10,NOUN
cyk,0,group_10,NOUN
*,0,group_10,PUNCT
cyklisti,0,group_10,NOUN
tam,0,group_10,ADV
ňákou,0,group_10,DET
jízdu,0,group_10,NOUN
na,0,group_10,ADP
tom,0,group_10,DET
lázeňském,0,group_10,ADJ
náměstí,0,group_10,NOUN
u,0,group_10,ADP
Jurkovičového,0,group_10,ADJ
domu,0,group_10,NOUN
a,0,group_10,CCONJ
tak,0,group_10,ADV
sem,0,group_10,ADV
si,0,group_10,PRON
právě,0,group_10,ADV
tak,0,group_10,ADV
naplánovala,0,group_10,VERB
že,0,group_10,SCONJ
pěkně,0,group_10,ADV
.,0,group_10,PUNCT
dyž,0,group_10,SCONJ
bude,0,group_10,AUX
",",0,group_10,PUNCT
krásně,0,group_10,ADV
tak,0,group_10,ADV
si,0,group_10,PRON
dám,0,group_10,VERB
.,0,group_10,PUNCT
dlúhú,0,group_10,X
sukňu,0,group_10,NOUN
",",0,group_10,PUNCT
klobouk,0,group_10,NOUN
",",0,group_10,PUNCT
háčkované,0,group_10,ADJ
rukavičky,0,group_10,NOUN
",",0,group_10,PUNCT
Nikolce,0,group_10,PROPN
taky,0,group_10,ADV
",",0,group_10,PUNCT
šatičky,0,group_10,NOUN
",",0,group_10,PUNCT
klobouček,0,group_10,NOUN
",",0,group_10,PUNCT
a,0,group_10,CCONJ
ty,0,group_10,DET
pro,0,group_10,ADP
ňu,0,group_10,PRON
máš,0,group_10,VERB
jako,0,group_10,SCONJ
ňáké,0,group_10,DET
šatičky,0,group_10,NOUN
aj,0,group_10,ADJ
.,0,group_10,PUNCT
no,0,group_10,PART
jo,0,group_10,PART
?,0,group_10,PUNCT
no,0,group_10,PART
mám,0,group_10,VERB
.,0,group_10,PUNCT
dyby,0,group_10,SCONJ
bylo,0,group_10,AUX
teplo,0,group_10,NOUN
tak,0,group_10,ADV
sem,0,group_10,ADV
měla,0,group_10,VERB
naplánované,0,group_10,ADJ
eee,0,group_10,X
no,0,group_10,PART
.,0,group_10,PUNCT
takové,0,group_10,DET
šaty,0,group_10,NOUN
jako,0,group_10,SCONJ
co,0,group_10,PRON
by,0,group_10,AUX
měla,0,group_10,VERB
dlúhé,0,group_10,ADJ
jesi,0,group_10,PRON
by,0,group_10,AUX
jo,0,group_10,PART
do,1,group_10,ADP
toho,0,group_10,DET
chtěla,0,group_10,VERB
jít,1,group_10,VERB
",",1,group_10,PUNCT
jo,0,group_10,PART
pane,0,group_10,NOUN
",",0,group_10,PUNCT
jo,0,group_10,PART
a,0,group_10,CCONJ
tak,0,group_10,ADV
to,0,group_10,DET
v,1,group_10,ADP
létě,0,group_10,NOUN
že,0,group_10,SCONJ
jo,0,group_10,PART
až,0,group_10,SCONJ
bude,0,group_10,AUX
třeba,0,group_10,ADV
aj,0,group_10,CCONJ
ňáká,0,group_10,DET
akce,0,group_10,NOUN
to,0,group_10,DET
jako,0,group_10,SCONJ
ani,0,group_10,CCONJ
nemusí,0,group_10,VERB
být,0,group_10,AUX
akce,0,group_10,NOUN
.,0,group_10,PUNCT
že,0,group_10,SCONJ
jo,0,group_10,PART
když,0,group_10,SCONJ
se,0,group_10,PRON
tak,0,group_10,ADV
oblečete,0,group_10,VERB
.,0,group_10,PUNCT
šak,0,group_10,ADV
nemusí,0,group_10,VERB
to,0,group_10,DET
možem,0,group_10,VERB
jít,0,group_10,VERB
aj,0,group_10,CCONJ
do,0,group_10,ADP
Veselí,0,group_10,PROPN
do,0,group_10,ADP
cukrárny,0,group_10,NOUN
.,0,group_10,PUNCT
no,0,group_10,PART
",",0,group_10,PUNCT
no,0,group_10,PART
",",0,group_10,PUNCT
hledět,0,group_10,VERB
a,0,group_10,CCONJ
že,0,group_10,SCONJ
ten,0,group_10,DET
klobouček,0,group_10,NOUN
ten,0,group_10,DET
si,0,group_10,PRON
zkoušela,0,group_10,VERB
teďka,0,group_10,ADV
dneska,0,group_10,ADV
.,0,group_10,PUNCT
jo,0,group_10,PART
no,0,group_10,PART
on,0,group_10,PRON
je,0,group_10,AUX
trošku,0,group_10,ADV
",",0,group_10,PUNCT
možná,0,group_10,ADV
by,0,group_10,AUX
ho,0,group_10,PRON
chtělo,0,group_10,VERB
trošku,0,group_10,ADV
namočit,0,group_10,VERB
.,0,group_10,PUNCT
Jako,0,group_10,SCONJ
a,0,group_10,CCONJ
eee,0,group_10,X
natahnút,0,group_10,X
na,0,group_10,ADP
neco,0,group_10,PRON
vlhký,0,group_10,ADJ
.,0,group_10,PUNCT
aby,0,group_10,_
uschl,0,group_10,VERB
roztahlý,0,group_10,ADJ
.,0,group_10,PUNCT
mně,0,group_10,PRON
se,1,group_10,PRON
zdá,1,group_10,VERB
že,0,group_10,SCONJ
by,0,group_10,AUX
mohl,0,group_10,VERB
být,0,group_10,AUX
trošk,0,group_10,ADV
*,0,group_10,SYM
jako,0,group_10,SCONJ
volnější,0,group_10,ADJ
",",0,group_10,PUNCT
že,0,group_10,SCONJ
že,0,group_10,SCONJ
je,0,group_10,AUX
jí,0,group_10,PRON
trochu,0,group_10,ADV
malý,0,group_10,ADJ
jako,0,group_10,SCONJ
",",0,group_10,PUNCT
ale,0,group_10,CCONJ
to,0,group_10,DET
by,0,group_10,AUX
se,0,group_10,PRON
dalo,0,group_10,VERB
roztahnút,0,group_10,VERB
vlhké,0,group_10,ADJ
dyby,0,group_10,SCONJ
to,0,group_10,DET
bylo,0,group_10,AUX
.,0,group_10,PUNCT
Po,1,group_12,ADP
dvaceti,0,group_12,NUM
letech,0,group_12,NOUN
konečně,0,group_12,ADV
vidíme,0,group_12,VERB
na,0,group_12,ADP
konci,0,group_12,NOUN
dlouhého,0,group_12,ADJ
a,0,group_12,CCONJ
vysilujícího,1,group_12,ADJ
tunelu,1,group_12,NOUN
první,0,group_12,ADJ
paprsky,1,group_12,NOUN
světla,1,group_12,NOUN
.,1,group_12,PUNCT
Jak,0,group_12,ADV
upozorňoval,0,group_12,VERB
pan,0,group_12,NOUN
poslanec,0,group_12,NOUN
Milana,0,group_12,PROPN
a,0,group_12,CCONJ
další,0,group_12,ADJ
",",0,group_12,PUNCT
ještě,0,group_12,ADV
mnoho,0,group_12,DET
toho,0,group_12,DET
zbývá,0,group_12,VERB
udělat,0,group_12,VERB
",",0,group_12,PUNCT
ale,0,group_12,CCONJ
mnozí,0,group_12,ADJ
z,0,group_12,ADP
nás,0,group_12,PRON
se,0,group_12,PRON
připravovali,0,group_12,VERB
na,1,group_12,ADP
nejhorší,0,group_12,ADJ
a,0,group_12,CCONJ
očekávali,0,group_12,VERB
",",0,group_12,PUNCT
že,0,group_12,SCONJ
znovu,0,group_12,ADV
propukne,0,group_12,VERB
občanská,0,group_12,ADJ
válka,0,group_12,NOUN
.,0,group_12,PUNCT
Blahopřeji,0,group_12,VERB
proto,0,group_12,CCONJ
severu,0,group_12,NOUN
i,0,group_12,CCONJ
jihu,0,group_12,NOUN
země,0,group_12,NOUN
k,1,group_12,ADP
prvním,0,group_12,ADJ
výsledkům,0,group_12,NOUN
tohoto,0,group_12,DET
referenda,0,group_12,NOUN
Až,1,group_12,PART
do,1,group_12,ADP
vyhlášení,1,group_12,NOUN
nezávislosti,0,group_12,NOUN
záleží,0,group_12,VERB
na,1,group_12,ADP
každém,0,group_12,DET
dni,0,group_12,NOUN
.,0,group_12,PUNCT
Nikdo,0,group_12,PRON
si,0,group_12,PRON
nemůže,0,group_12,VERB
dovolit,0,group_12,VERB
udělat,0,group_12,VERB
chybný,1,group_12,ADJ
krok,1,group_12,NOUN
",",1,group_12,PUNCT
ani,0,group_12,CCONJ
v,0,group_12,ADP
Chartúmu,0,group_12,PROPN
",",0,group_12,PUNCT
ani,0,group_12,CCONJ
v,0,group_12,ADP
Jubě,0,group_12,PROPN
",",0,group_12,PUNCT
ani,0,group_12,CCONJ
v,0,group_12,ADP
Bruselu,0,group_12,PROPN
nebo,0,group_12,CCONJ
v,0,group_12,ADP
Africké,0,group_12,ADJ
unii,0,group_12,NOUN
v,0,group_12,ADP
Addis,0,group_12,X
Abebě,0,group_12,PROPN
.,0,group_12,PUNCT
Například,0,group_12,PART
je,0,group_12,AUX
určitě,0,group_12,ADV
zapotřebí,0,group_12,ADV
uvítat,1,group_12,VERB
myšlenku,0,group_12,NOUN
otevřít,1,group_12,VERB
delegaci,0,group_12,NOUN
EU,0,group_12,PROPN
se,0,group_12,ADP
zvláštním,0,group_12,ADJ
statusem,0,group_12,NOUN
",",0,group_12,PUNCT
dokud,0,group_12,SCONJ
nebude,0,group_12,AUX
skutečně,0,group_12,ADV
vyhlášena,1,group_12,ADJ
nezávislost,0,group_12,NOUN
.,0,group_12,PUNCT
Súdán,1,group_12,PROPN
se,0,group_12,PRON
chystá,1,group_12,VERB
nám,0,group_12,PRON
",",0,group_12,PUNCT
mezinárodnímu,0,group_12,ADJ
společenství,0,group_12,NOUN
",",0,group_12,PUNCT
pěkně,1,group_12,ADV
spočítat,1,group_12,VERB
cynismus,0,group_12,NOUN
a,0,group_12,CCONJ
krize,0,group_12,NOUN
",",0,group_12,PUNCT
které,0,group_12,DET
mnohdy,0,group_12,ADV
spíše,0,group_12,PART
z,1,group_12,ADP
rezignace,0,group_12,NOUN
než,0,group_12,SCONJ
jiného,0,group_12,ADJ
důvodu,0,group_12,NOUN
považujeme,0,group_12,VERB
za,1,group_12,ADP
neřešitelné,0,group_12,ADJ
.,0,group_12,PUNCT
Pane,0,group_12,NOUN
předsedající,0,group_12,ADJ
",",0,group_12,PUNCT
vítám,1,group_12,VERB
",",1,group_12,PUNCT
že,0,group_12,SCONJ
jižní,0,group_12,ADJ
Súdán,0,group_12,PROPN
bude,0,group_12,AUX
nezávislý,0,group_12,ADJ
",",0,group_12,PUNCT
a,0,group_12,CCONJ
blahopřeji,0,group_12,VERB
obyvatelům,0,group_12,NOUN
jižního,0,group_12,ADJ
Súdánu,0,group_12,PROPN
k,1,group_12,ADP
tomu,0,group_12,DET
",",0,group_12,PUNCT
že,0,group_12,SCONJ
toho,0,group_12,DET
dosáhli,1,group_12,VERB
.,1,group_12,PUNCT
Jak,0,group_12,SCONJ
před,1,group_12,ADP
chvílí,0,group_12,NOUN
řekl,0,group_12,VERB
pan,0,group_12,NOUN
kolega,0,group_12,NOUN
poslanec,0,group_12,NOUN
Goerens,0,group_12,PROPN
",",0,group_12,PUNCT
jenž,0,group_12,PRON
byl,0,group_12,AUX
tak,0,group_12,ADV
laskav,0,group_12,ADJ
a,0,group_12,CCONJ
obrátil,1,group_12,VERB
se,0,group_12,PRON
při,1,group_12,ADP
této,0,group_12,DET
příležitosti,0,group_12,NOUN
na,1,group_12,ADP
mne,0,group_12,PRON
",",0,group_12,PUNCT
lidé,0,group_12,NOUN
mohou,0,group_12,VERB
mít,1,group_12,VERB
právo,0,group_12,NOUN
na,1,group_12,ADP
to,0,group_12,DET
",",0,group_12,PUNCT
aby,0,group_12,_
nemuseli,0,group_12,VERB
žít,0,group_12,VERB
podle,1,group_12,ADP
práva,0,group_12,NOUN
šaría,0,group_12,NOUN
.,0,group_12,PUNCT
Jejich,0,group_12,DET
právo,0,group_12,NOUN
musíme,0,group_12,VERB
ctít,0,group_12,VERB
.,0,group_12,PUNCT
Musím,0,group_12,VERB
nicméně,0,group_12,CCONJ
také,0,group_12,ADV
podotknout,0,group_12,VERB
",",0,group_12,PUNCT
že,0,group_12,SCONJ
jen,0,group_12,ADV
někteří,0,group_12,DET
mají,1,group_12,VERB
to,0,group_12,DET
štěstí,0,group_12,NOUN
",",0,group_12,PUNCT
že,0,group_12,SCONJ
dostanou,1,group_12,VERB
možnost,0,group_12,NOUN
získat,1,group_12,VERB
právo,0,group_12,NOUN
na,1,group_12,ADP
takovou,0,group_12,DET
svobodu,0,group_12,NOUN
.,0,group_12,PUNCT
Obyvatelé,0,group_12,NOUN
nedalekého,0,group_12,ADJ
Somálijska,0,group_12,PROPN
tuto,0,group_12,DET
možnost,0,group_12,NOUN
nemají,1,group_12,VERB
.,1,group_12,PUNCT
Přál,0,group_12,VERB
bych,0,group_12,AUX
si,0,group_12,PRON
",",0,group_12,PUNCT
abychom,0,group_12,_
přehodnotili,1,group_12,VERB
naši,0,group_12,DET
politiku,0,group_12,NOUN
",",0,group_12,PUNCT
která,0,group_12,DET
se,0,group_12,PRON
až,1,group_12,PART
dosud,0,group_12,ADV
vyznačovala,1,group_12,VERB
tím,0,group_12,DET
",",0,group_12,PUNCT
že,0,group_12,SCONJ
jsme,0,group_12,AUX
neuznávali,0,group_12,VERB
úsilí,0,group_12,NOUN
obyvatel,0,group_12,NOUN
Somálijské,0,group_12,ADJ
republiky,0,group_12,NOUN
",",0,group_12,PUNCT
kteří,0,group_12,DET
v,0,group_12,ADP
této,0,group_12,DET
oblasti,0,group_12,NOUN
vytvořili,0,group_12,VERB
nezávislý,0,group_12,ADJ
a,0,group_12,CCONJ
demokratický,0,group_12,ADJ
muslimský,0,group_12,ADJ
stát,0,group_12,NOUN
",",0,group_12,PUNCT
k,1,group_12,ADP
němuž,0,group_12,PRON
se,0,group_12,PRON
však,0,group_12,CCONJ
chováme,0,group_12,VERB
",",0,group_12,PUNCT
jako,0,group_12,SCONJ
by,0,group_12,AUX
neexistoval,1,group_12,VERB
.,1,group_12,PUNCT
Pane,0,group_12,NOUN
předsedající,0,group_12,ADJ
",",0,group_12,PUNCT
co,0,group_12,PRON
se,0,group_12,PRON
týče,0,group_12,VERB
jižního,0,group_12,ADJ
Súdánu,0,group_12,PROPN
",",0,group_12,PUNCT
chtěl,0,group_12,VERB
bych,0,group_12,AUX
se,0,group_12,PRON
také,0,group_12,ADV
dotknout,1,group_12,VERB
stavu,0,group_12,NOUN
této,0,group_12,DET
země,0,group_12,NOUN
.,0,group_12,PUNCT
Jižní,0,group_12,ADJ
Súdán,0,group_12,PROPN
je,0,group_12,AUX
stále,0,group_12,ADV
nejchudší,0,group_12,ADJ
zemí,0,group_12,NOUN
v,0,group_12,ADP
Africe,0,group_12,PROPN
",",0,group_12,PUNCT
a,0,group_12,CCONJ
to,0,group_12,PART
i,0,group_12,CCONJ
navzdory,0,group_12,ADP
tomu,0,group_12,DET
",",0,group_12,PUNCT
že,0,group_12,SCONJ
v,1,group_12,ADP
posledních,0,group_12,ADJ
pěti,0,group_12,NUM
letech,0,group_12,NOUN
mohl,1,group_12,VERB
využívat,1,group_12,VERB
přístupu,1,group_12,NOUN
k,1,group_12,ADP
polovině,0,group_12,NOUN
ropných,0,group_12,ADJ
zdrojů,0,group_12,NOUN
celého,0,group_12,ADJ
Súdánu,0,group_12,PROPN
.,0,group_12,PUNCT
Vidím,1,group_12,VERB
zde,1,group_12,ADV
do,1,group_12,ADP
očí,1,group_12,NOUN
bijící,1,group_12,ADJ
zaostalost,0,group_12,NOUN
",",0,group_12,PUNCT
která,0,group_12,DET
byla,0,group_12,AUX
dosud,0,group_12,ADV
dána,0,group_12,ADJ
přehlížením,0,group_12,NOUN
a,0,group_12,CCONJ
nezájmem,0,group_12,NOUN
ze,1,group_12,ADP
strany,1,group_12,NOUN
Chartúmu,0,group_12,PROPN
.,0,group_12,PUNCT
Byl,0,group_12,AUX
bych,0,group_12,AUX
však,0,group_12,CCONJ
rád,0,group_12,ADJ
",",0,group_12,PUNCT
kdyby,0,group_12,_
Evropská,0,group_12,ADJ
unie,0,group_12,NOUN
od,1,group_12,ADP
nynějška,0,group_12,NOUN
kladla,1,group_12,VERB
důraz,0,group_12,NOUN
na,1,group_12,ADP
to,0,group_12,DET
",",0,group_12,PUNCT
že,0,group_12,SCONJ
tato,0,group_12,DET
země,0,group_12,NOUN
potřebuje,1,group_12,VERB
správu,0,group_12,NOUN
a,0,group_12,CCONJ
rozvoj,0,group_12,NOUN
",",0,group_12,PUNCT
a,0,group_12,CCONJ
nepomáhala,0,group_12,VERB
financovat,0,group_12,VERB
zaostalost,0,group_12,NOUN
",",0,group_12,PUNCT
která,0,group_12,DET
se,0,group_12,PRON
tak,0,group_12,ADV
snadno,0,group_12,ADV
může,0,group_12,VERB
v,1,group_12,ADP
budoucnu,0,group_12,NOUN
v,0,group_12,ADP
jižním,0,group_12,ADJ
Súdánu,0,group_12,PROPN
rozmoci,0,group_12,VERB
.,0,group_12,PUNCT
Pane,0,group_12,NOUN
předsedající,0,group_12,ADJ
",",0,group_12,PUNCT
v,1,group_12,ADP
dnešní,0,group_12,ADJ
rozpravě,0,group_12,NOUN
bychom,0,group_12,AUX
měli,0,group_12,VERB
odolat,1,group_12,VERB
pokušení,1,group_12,NOUN
přehnaného,0,group_12,ADJ
optimismu,0,group_12,NOUN
.,0,group_12,PUNCT
Předpovědi,0,group_12,NOUN
dalšího,0,group_12,ADJ
dění,0,group_12,NOUN
v,0,group_12,ADP
Súdánu,0,group_12,PROPN
jsou,0,group_12,AUX
jen,0,group_12,ADV
věštěním,1,group_12,NOUN
z,1,group_12,ADP
křišťálové,1,group_12,ADJ
koule,1,group_12,NOUN
.,1,group_12,PUNCT
I,0,group_12,CCONJ
přes,1,group_12,ADP
všechny,0,group_12,DET
naděje,0,group_12,NOUN
",",0,group_12,PUNCT
které,0,group_12,DET
vzkřísilo,1,group_12,VERB
nedávné,0,group_12,ADJ
referendum,0,group_12,NOUN
",",0,group_12,PUNCT
bychom,0,group_12,AUX
neměli,0,group_12,VERB
předpokládat,0,group_12,VERB
",",0,group_12,PUNCT
že,0,group_12,SCONJ
tato,0,group_12,DET
záležitost,0,group_12,NOUN
je,0,group_12,AUX
již,0,group_12,ADV
vyřešena,0,group_12,ADJ
.,0,group_12,PUNCT
To,0,group_12,DET
zdaleka,0,group_12,ADV
není,0,group_12,AUX
1,0,group_12,NUM
a,0,group_12,CCONJ
nikdo,0,group_12,PRON
zatím,0,group_12,ADV
neví,0,group_12,VERB
",",0,group_12,PUNCT
zda,0,group_12,SCONJ
bude,0,group_12,AUX
země,0,group_12,NOUN
v,1,group_12,ADP
souladu,1,group_12,NOUN
s,1,group_12,ADP
vůlí,0,group_12,NOUN
obyvatelstva,0,group_12,NOUN
jihu,0,group_12,NOUN
rozdělena,0,group_12,ADJ
.,0,group_12,PUNCT
Další,0,group_12,ADJ
problém,0,group_12,NOUN
spočívá,1,group_12,VERB
v,1,group_12,ADP
tom,0,group_12,DET
",",0,group_12,PUNCT
že,0,group_12,SCONJ
jižní,0,group_12,ADJ
část,0,group_12,NOUN
země,0,group_12,NOUN
v,1,group_12,ADP
současnosti,0,group_12,NOUN
sjednocuje,1,group_12,VERB
odpor,0,group_12,NOUN
k,1,group_12,ADP
muslimskému,0,group_12,ADJ
severu,0,group_12,NOUN
.,0,group_12,PUNCT
Až,0,group_12,SCONJ
tato,0,group_12,DET
zášť,0,group_12,NOUN
vyprchá,1,group_12,VERB
a,0,group_12,CCONJ
nadejde,1,group_12,VERB
čas,0,group_12,NOUN
budovat,1,group_12,VERB
státní,0,group_12,ADJ
instituce,0,group_12,NOUN
",",0,group_12,PUNCT
hned,0,group_12,ADV
bude,0,group_12,AUX
patrná,0,group_12,ADJ
křehká,1,group_12,ADJ
rovnováha,0,group_12,NOUN
mezi,1,group_12,ADP
třemi,0,group_12,NUM
kulturně,0,group_12,ADV
a,0,group_12,CCONJ
jazykově,0,group_12,ADV
odlišnými,0,group_12,ADJ
kmeny,0,group_12,NOUN
.,0,group_12,PUNCT
Tato,0,group_12,DET
otázka,1,group_12,NOUN
bude,0,group_12,AUX
mít,1,group_12,VERB
velký,0,group_12,ADJ
význam,0,group_12,NOUN
a,0,group_12,CCONJ
měli,0,group_12,VERB
bychom,0,group_12,AUX
jí,0,group_12,PRON
již,0,group_12,ADV
teď,0,group_12,ADV
věnovat,1,group_12,VERB
pozornost,0,group_12,NOUN
.,0,group_12,PUNCT
Další,0,group_12,ADJ
otázka,0,group_12,NOUN
",",0,group_12,PUNCT
kterou,0,group_12,DET
si,0,group_12,PRON
musíme,0,group_12,VERB
položit,1,group_12,VERB
a,0,group_12,CCONJ
najít,1,group_12,VERB
na,1,group_12,ADP
ni,0,group_12,PRON
odpověď,0,group_12,NOUN
",",0,group_12,PUNCT
zní,1,group_12,VERB
takto,0,group_12,ADV
:,0,group_12,PUNCT
proč,0,group_12,ADV
je,0,group_12,AUX
nyní,0,group_12,ADV
reálná,0,group_12,ADJ
naděje,0,group_12,NOUN
na,1,group_12,ADP
mírové,0,group_12,ADJ
ukončení,0,group_12,NOUN
konfliktu,0,group_12,NOUN
",",0,group_12,PUNCT
který,0,group_12,DET
trval,0,group_12,VERB
půl,0,group_12,NUM
století,0,group_12,NOUN
?,0,group_12,PUNCT
Odpověď,0,group_12,NOUN
je,0,group_12,AUX
zřejmá,0,group_12,ADJ
:,0,group_12,PUNCT
kvůli,0,group_12,ADP
ropě,0,group_12,NOUN
.,0,group_12,PUNCT
Velké,0,group_12,ADJ
zahraniční,0,group_12,ADJ
podniky,0,group_12,NOUN
",",0,group_12,PUNCT
bez,0,group_12,ADP
nichž,0,group_12,PRON
taková,0,group_12,DET
chudá,0,group_12,ADJ
země,0,group_12,NOUN
není,0,group_12,AUX
schopna,1,group_12,ADJ
těžit,0,group_12,VERB
ropu,0,group_12,NOUN
",",0,group_12,PUNCT
a,0,group_12,CCONJ
představitelé,0,group_12,NOUN
obou,0,group_12,NUM
částí,0,group_12,NOUN
země,0,group_12,NOUN
zavětřili,1,group_12,VERB
vůni,1,group_12,NOUN
petrodolarů,0,group_12,NOUN
.,0,group_12,PUNCT
Doufejme,0,group_12,VERB
",",0,group_12,PUNCT
že,0,group_12,SCONJ
nás,0,group_12,PRON
nezaslepí,1,group_12,VERB
chamtivost,0,group_12,NOUN
a,0,group_12,CCONJ
že,0,group_12,SCONJ
naše,0,group_12,DET
touha,0,group_12,NOUN
pomáhat,0,group_12,VERB
postačí,0,group_12,VERB
nejen,0,group_12,ADV
na,1,group_12,ADP
to,0,group_12,DET
",",0,group_12,PUNCT
abychom,0,group_12,_
poskytovali,0,group_12,VERB
finanční,0,group_12,ADJ
prostředky,0,group_12,NOUN
na,1,group_12,ADP
budování,1,group_12,NOUN
státu,0,group_12,NOUN
",",0,group_12,PUNCT
ale,0,group_12,CCONJ
dovolí,1,group_12,VERB
nám,0,group_12,PRON
také,0,group_12,ADV
realizovat,0,group_12,VERB
programy,0,group_12,NOUN
",",0,group_12,PUNCT
z,1,group_12,ADP
nichž,0,group_12,PRON
bude,0,group_12,AUX
mít,0,group_12,VERB
prospěch,0,group_12,NOUN
společnost,0,group_12,NOUN
.,0,group_12,PUNCT
Pane,0,group_12,NOUN
předsedající,0,group_12,ADJ
",",0,group_12,PUNCT
před,1,group_12,ADP
referendem,0,group_12,NOUN
jsme,0,group_12,AUX
měli,1,group_12,VERB
velké,0,group_12,ADJ
obavy,0,group_12,NOUN
z,1,group_12,ADP
průvodních,0,group_12,ADJ
nepokojů,0,group_12,NOUN
a,0,group_12,CCONJ
jsem,0,group_12,AUX
ráda,0,group_12,ADJ
",",0,group_12,PUNCT
že,0,group_12,SCONJ
referendum,0,group_12,NOUN
proběhlo,1,group_12,VERB
pokojně,0,group_12,ADV
a,0,group_12,CCONJ
bylo,0,group_12,AUX
platné,0,group_12,ADJ
.,0,group_12,PUNCT
Je,0,group_12,AUX
však,0,group_12,CCONJ
nutné,0,group_12,ADJ
zajistit,0,group_12,VERB
",",0,group_12,PUNCT
jak,0,group_12,ADV
řekla,0,group_12,VERB
baronka,0,group_12,NOUN
Ashtonová,0,group_12,PROPN
",",0,group_12,PUNCT
aby,0,group_12,_
se,0,group_12,PRON
konalo,0,group_12,VERB
dodatečné,0,group_12,ADJ
řádné,0,group_12,ADJ
referendum,0,group_12,NOUN
v,0,group_12,ADP
Abyei,0,group_12,PROPN
",",0,group_12,PUNCT
ale,0,group_12,CCONJ
také,0,group_12,ADV
v,0,group_12,ADP
oblasti,0,group_12,NOUN
",",0,group_12,PUNCT
v,0,group_12,ADP
níž,0,group_12,PRON
se,0,group_12,PRON
nachází,0,group_12,VERB
ropa,0,group_12,NOUN
.,0,group_12,PUNCT
Pozorovatelská,0,group_12,ADJ
mise,0,group_12,NOUN
Evropského,0,group_12,ADJ
parlamentu,0,group_12,NOUN
bude,0,group_12,AUX
zapotřebí,0,group_12,ADV
i,0,group_12,CCONJ
při,1,group_12,ADP
tomto,0,group_12,DET
dodatečném,0,group_12,ADJ
hlasování,0,group_12,NOUN
.,0,group_12,PUNCT
I,0,group_12,CCONJ
po,1,group_12,ADP
vyhlášení,1,group_12,NOUN
nezávislosti,0,group_12,NOUN
zůstane,0,group_12,VERB
jižní,0,group_12,ADJ
Súdán,0,group_12,PROPN
jednou,0,group_12,NUM
z,1,group_12,ADP
nejchudších,0,group_12,ADJ
zemí,0,group_12,NOUN
na,1,group_12,ADP
světě,0,group_12,NOUN
.,0,group_12,PUNCT
V,0,group_12,ADP
oblasti,0,group_12,NOUN
působí,1,group_12,VERB
mnohé,0,group_12,ADJ
slovenské,0,group_12,ADJ
nevládní,0,group_12,ADJ
organizace,0,group_12,NOUN
a,0,group_12,CCONJ
je,0,group_12,AUX
důležité,0,group_12,ADJ
",",0,group_12,PUNCT
aby,0,group_12,_
měly,0,group_12,VERB
potřebné,0,group_12,ADJ
podmínky,0,group_12,NOUN
pro,1,group_12,ADP
svou,0,group_12,DET
práci,0,group_12,NOUN
.,0,group_12,PUNCT
Kdyby,0,group_3,_
někdo,0,group_3,PRON
uspořádal,1,group_3,VERB
atletické,0,group_3,ADJ
přebory,0,group_3,NOUN
mezi,1,group_3,ADP
opicemi,0,group_3,NOUN
",",0,group_3,PUNCT
sešla,1,group_3,VERB
by,1,group_3,AUX
se,1,group_3,PRON
na,0,group_3,ADP
stupních,1,group_3,NOUN
vítězů,0,group_3,NOUN
různých,0,group_3,ADJ
disciplín,0,group_3,NOUN
docela,0,group_3,ADV
pestrá,1,group_3,ADJ
škála,1,group_3,NOUN
druhů,0,group_3,NOUN
.,0,group_3,PUNCT
Většina,0,group_3,NOUN
opic,0,group_3,NOUN
„,1,group_3,PUNCT
trénuje,1,group_3,VERB
“,1,group_3,PUNCT
jen,0,group_3,ADV
jednu,0,group_3,NUM
disciplínu,0,group_3,NOUN
.,0,group_3,PUNCT
Někteří,0,group_3,DET
opičí,0,group_3,ADJ
atleti,1,group_3,NOUN
jsou,0,group_3,AUX
např,0,group_3,PART
.,0,group_3,PUNCT
výborní,0,group_3,ADJ
sprinteři,1,group_3,NOUN
",",1,group_3,PUNCT
ale,0,group_3,CCONJ
skoky,0,group_3,NOUN
do,1,group_3,ADP
dálky,0,group_3,NOUN
či,0,group_3,CCONJ
plavání,0,group_3,NOUN
jim,0,group_3,PRON
moc,0,group_3,ADV
nejde,0,group_3,VERB
.,0,group_3,PUNCT
Každý,0,group_3,DET
druh,0,group_3,NOUN
totiž,0,group_3,CCONJ
trénuje,1,group_3,VERB
jen,0,group_3,ADV
to,0,group_3,DET
",",0,group_3,PUNCT
co,0,group_3,PRON
ve,0,group_3,ADP
svém,0,group_3,DET
prostředí,0,group_3,NOUN
nutně,0,group_3,ADV
potřebuje,0,group_3,VERB
k,1,group_3,ADP
přežití,0,group_3,NOUN
.,0,group_3,PUNCT
V,1,group_3,ADP
tom,0,group_3,DET
pak,0,group_3,ADV
ale,0,group_3,CCONJ
dosahuje,1,group_3,VERB
vynikajících,0,group_3,ADJ
výsledků,0,group_3,NOUN
.,0,group_3,PUNCT
Sprintem,0,group_3,NOUN
do,1,group_3,ADP
bezpečí,0,group_3,NOUN
.,0,group_3,PUNCT
Za,1,group_3,ADP
královskou,1,group_3,ADJ
disciplínu,0,group_3,NOUN
se,0,group_3,PRON
v,1,group_3,ADP
atletice,0,group_3,NOUN
považuje,0,group_3,VERB
sprint,0,group_3,NOUN
.,0,group_3,PUNCT
I,0,group_3,CCONJ
když,0,group_3,SCONJ
by,0,group_3,AUX
se,1,group_3,PRON
mohlo,0,group_3,VERB
zdát,1,group_3,VERB
",",1,group_3,PUNCT
že,0,group_3,SCONJ
převážně,0,group_3,ADV
stromové,0,group_3,ADJ
opice,0,group_3,NOUN
moc,0,group_3,ADV
dobří,0,group_3,ADJ
běžci,0,group_3,NOUN
nebudou,0,group_3,AUX
",",0,group_3,PUNCT
opak,0,group_3,NOUN
je,0,group_3,AUX
pravdou,0,group_3,NOUN
.,0,group_3,PUNCT
V,0,group_3,ADP
savanách,0,group_3,NOUN
subsaharské,0,group_3,ADJ
Afriky,0,group_3,PROPN
žije,1,group_3,VERB
kočkodan,0,group_3,NOUN
",",0,group_3,PUNCT
který,0,group_3,DET
díky,0,group_3,ADP
svému,0,group_3,DET
„,1,group_3,PUNCT
kníru,1,group_3,NOUN
“,1,group_3,PUNCT
dostal,0,group_3,VERB
jméno,0,group_3,NOUN
husarský,0,group_3,ADJ
(,0,group_3,PUNCT
Erythrocebus,0,group_3,X
patas,0,group_3,X
),0,group_3,PUNCT
.,0,group_3,PUNCT
V,0,group_3,ADP
jeho,0,group_3,DET
domovině,0,group_3,NOUN
moc,0,group_3,ADV
stromů,0,group_3,NOUN
neroste,0,group_3,VERB
",",0,group_3,PUNCT
během,0,group_3,ADP
dne,0,group_3,NOUN
se,0,group_3,PRON
proto,0,group_3,CCONJ
pohybuje,0,group_3,VERB
převážně,0,group_3,ADV
na,0,group_3,ADP
zemi,0,group_3,NOUN
a,0,group_3,CCONJ
na,0,group_3,ADP
stromy,0,group_3,NOUN
se,0,group_3,PRON
uchyluje,0,group_3,VERB
jen,0,group_3,ADV
na,1,group_3,ADP
noc,0,group_3,NOUN
.,0,group_3,PUNCT
Na,0,group_3,ADP
stromech,0,group_3,NOUN
nehledá,0,group_3,VERB
ani,0,group_3,CCONJ
bezpečí,0,group_3,NOUN
před,1,group_3,ADP
nepřáteli,0,group_3,NOUN
a,0,group_3,CCONJ
dává,1,group_3,VERB
přednost,0,group_3,NOUN
rychlému,0,group_3,ADJ
útěku,0,group_3,NOUN
po,0,group_3,ADP
zemi,0,group_3,NOUN
.,0,group_3,PUNCT
Dokáže,1,group_3,VERB
přitom,0,group_3,ADV
vyvinout,1,group_3,VERB
rychlost,0,group_3,NOUN
až,0,group_3,PART
55,0,group_3,NUM
km,0,group_3,NOUN
/,0,group_3,PUNCT
hod,0,group_3,NOUN
.,0,group_3,PUNCT
Žádná,0,group_3,DET
jiná,0,group_3,ADJ
opice,0,group_3,NOUN
tak,0,group_3,ADV
rychle,0,group_3,ADV
běhat,0,group_3,VERB
neumí,0,group_3,VERB
",",0,group_3,PUNCT
kočkodan,0,group_3,NOUN
husarský,0,group_3,ADJ
je,0,group_3,AUX
proto,0,group_3,CCONJ
držitelem,0,group_3,NOUN
rychlostního,0,group_3,ADJ
rekordu,0,group_3,NOUN
opičích,0,group_3,ADJ
atletů,1,group_3,NOUN
.,1,group_3,PUNCT
Rekord,0,group_3,NOUN
bez,1,group_3,ADP
rozběhu,0,group_3,NOUN
.,0,group_3,PUNCT
Oblíbenou,0,group_3,ADJ
disciplínou,0,group_3,NOUN
mezi,1,group_3,ADP
opicemi,0,group_3,NOUN
je,0,group_3,AUX
skok,0,group_3,NOUN
do,1,group_3,ADP
dálky,0,group_3,NOUN
.,0,group_3,PUNCT
Málokterá,0,group_3,DET
má,0,group_3,VERB
ale,0,group_3,CCONJ
tak,0,group_3,ADV
čistý,1,group_3,ADJ
styl,0,group_3,NOUN
",",0,group_3,PUNCT
jako,0,group_3,SCONJ
madagaskarský,0,group_3,ADJ
indri,0,group_3,NOUN
(,0,group_3,PUNCT
Indri,0,group_3,X
indri,0,group_3,X
),0,group_3,PUNCT
.,0,group_3,PUNCT
Ten,0,group_3,DET
se,0,group_3,PRON
odráží,0,group_3,VERB
jako,0,group_3,SCONJ
lidé,0,group_3,NOUN
pouze,0,group_3,ADV
zadními,0,group_3,ADJ
končetinami,0,group_3,NOUN
a,0,group_3,CCONJ
během,0,group_3,ADP
skoku,0,group_3,NOUN
drží,0,group_3,VERB
tělo,0,group_3,NOUN
vzpřímeně,0,group_3,ADV
.,0,group_3,PUNCT
Zadní,0,group_3,ADJ
končetiny,0,group_3,NOUN
má,0,group_3,VERB
mimořádně,0,group_3,ADV
silné,0,group_3,ADJ
",",0,group_3,PUNCT
jejich,0,group_3,DET
mohutný,0,group_3,ADJ
odraz,0,group_3,NOUN
ho,0,group_3,PRON
snadno,0,group_3,ADV
přenese,1,group_3,VERB
až,0,group_3,PART
na,1,group_3,ADP
vzdálenost,0,group_3,NOUN
10,0,group_3,NUM
m,0,group_3,NOUN
.,0,group_3,PUNCT
A,0,group_3,CCONJ
protože,0,group_3,SCONJ
se,0,group_3,PRON
tento,0,group_3,DET
rekordní,0,group_3,ADJ
výkon,1,group_3,NOUN
odehrává,0,group_3,VERB
vysoko,0,group_3,ADV
v,0,group_3,ADP
korunách,1,group_3,NOUN
stromů,0,group_3,NOUN
",",0,group_3,PUNCT
kde,0,group_3,ADV
indri,0,group_3,NOUN
překonává,1,group_3,VERB
vzdálenost,0,group_3,NOUN
mezi,0,group_3,ADP
dvěma,0,group_3,NUM
kmeny,0,group_3,NOUN
",",0,group_3,PUNCT
nemůže,0,group_3,VERB
se,0,group_3,PRON
rozběhnout,0,group_3,VERB
.,0,group_3,PUNCT
Celý,0,group_3,ADJ
ten,0,group_3,DET
desetimetrový,0,group_3,ADJ
skok,0,group_3,NOUN
zvládne,0,group_3,VERB
odrazem,0,group_3,NOUN
z,0,group_3,ADP
místa,0,group_3,NOUN
!,0,group_3,PUNCT
Kdoví,0,group_3,PART
",",0,group_3,PUNCT
kam,0,group_3,ADV
až,0,group_3,PART
by,0,group_3,AUX
doskočil,0,group_3,VERB
",",0,group_3,PUNCT
kdyby,0,group_3,_
skákal,0,group_3,VERB
s,1,group_3,ADP
rozběhem,0,group_3,NOUN
.,0,group_3,PUNCT
Neuvěřitelné,0,group_3,ADJ
výkony,1,group_3,NOUN
opic,0,group_3,NOUN
.,0,group_3,PUNCT
Posilování,0,group_3,NOUN
s,0,group_3,ADP
kamenem,0,group_3,NOUN
.,0,group_3,PUNCT
Vzpěrač,0,group_3,NOUN
musí,0,group_3,VERB
mít,0,group_3,VERB
nejen,0,group_3,ADV
silné,0,group_3,ADJ
paže,0,group_3,NOUN
",",0,group_3,PUNCT
ale,0,group_3,CCONJ
i,0,group_3,CCONJ
nohy,0,group_3,NOUN
a,0,group_3,CCONJ
svalnatá,0,group_3,ADJ
záda,0,group_3,NOUN
",",0,group_3,PUNCT
s,1,group_3,ADP
jejichž,0,group_3,DET
pomocí,0,group_3,NOUN
zdvihá,0,group_3,VERB
zátěž,0,group_3,NOUN
nad,0,group_3,ADP
hlavu,0,group_3,NOUN
.,0,group_3,PUNCT
Přesně,0,group_3,ADV
takto,0,group_3,ADV
vypadají,0,group_3,VERB
opičí,0,group_3,ADJ
vzpěrači,1,group_3,NOUN
malpy,0,group_3,NOUN
pruhohřbeté,0,group_3,ADJ
(,0,group_3,PUNCT
Sapajus,0,group_3,X
libidinosus,0,group_3,X
),0,group_3,PUNCT
.,0,group_3,PUNCT
Až,0,group_3,PART
na,1,group_3,ADP
drobný,0,group_3,ADJ
rozdíl,0,group_3,NOUN
-,0,group_3,PUNCT
nevzpírají,0,group_3,VERB
činky,0,group_3,NOUN
",",0,group_3,PUNCT
ale,0,group_3,CCONJ
kameny,0,group_3,NOUN
.,0,group_3,PUNCT
Živí,0,group_3,VERB
se,0,group_3,PRON
těmi,0,group_3,DET
nejtvrdšími,0,group_3,ADJ
ořechy,0,group_3,NOUN
",",0,group_3,PUNCT
jaké,0,group_3,DET
v,0,group_3,ADP
jihoamerické,0,group_3,ADJ
džungli,0,group_3,NOUN
rostou,0,group_3,VERB
",",0,group_3,PUNCT
a,0,group_3,CCONJ
jako,0,group_3,SCONJ
jediní,0,group_3,ADJ
zdejší,0,group_3,ADJ
obyvatelé,0,group_3,NOUN
si,0,group_3,PRON
s,1,group_3,ADP
jejich,0,group_3,DET
skořápkou,0,group_3,NOUN
umí,0,group_3,VERB
poradit,0,group_3,VERB
.,0,group_3,PUNCT
Malpa,0,group_3,PROPN
si,0,group_3,PRON
ořech,0,group_3,NOUN
položí,0,group_3,VERB
na,0,group_3,ADP
vystouplý,0,group_3,ADJ
kořen,0,group_3,NOUN
",",0,group_3,PUNCT
nad,0,group_3,ADP
hlavu,0,group_3,NOUN
zvedne,0,group_3,VERB
co,0,group_3,ADV
nejtěžší,0,group_3,ADJ
kámen,0,group_3,NOUN
a,0,group_3,CCONJ
jeho,0,group_3,DET
vahou,0,group_3,NOUN
skořápku,0,group_3,NOUN
rozbije,0,group_3,VERB
.,0,group_3,PUNCT
Než,0,group_3,SCONJ
se,1,group_3,PRON
naobědvá,1,group_3,VERB
",",1,group_3,PUNCT
mnohokrát,0,group_3,ADV
tento,0,group_3,DET
vzpěračský,0,group_3,ADJ
výkon,1,group_3,NOUN
zopakuje,0,group_3,VERB
.,0,group_3,PUNCT
A,0,group_3,CCONJ
protože,0,group_3,SCONJ
si,0,group_3,PRON
nikdy,0,group_3,ADV
není,0,group_3,AUX
jistá,0,group_3,ADJ
",",0,group_3,PUNCT
že,0,group_3,SCONJ
najde,0,group_3,VERB
vhodný,0,group_3,ADJ
kámen,0,group_3,NOUN
pokaždé,0,group_3,ADV
",",0,group_3,PUNCT
když,0,group_3,SCONJ
ho,0,group_3,PRON
potřebuje,0,group_3,VERB
",",0,group_3,PUNCT
posiluje,1,group_3,VERB
i,0,group_3,CCONJ
za,1,group_3,ADP
chůze,0,group_3,NOUN
-,0,group_3,PUNCT
pro,0,group_3,ADP
jistotu,0,group_3,NOUN
si,0,group_3,PRON
ho,0,group_3,PRON
nosí,0,group_3,VERB
s,0,group_3,ADP
sebou,0,group_3,PRON
.,0,group_3,PUNCT
Rybařící,1,group_3,ADJ
opice,0,group_3,NOUN
.,0,group_3,PUNCT
Plavání,0,group_3,NOUN
se,1,group_3,PRON
mnoho,0,group_3,DET
opic,0,group_3,NOUN
nevěnuje,1,group_3,VERB
.,1,group_3,PUNCT
Plavecký,1,group_3,ADJ
přeborník,1,group_3,NOUN
makak,0,group_3,NOUN
jávský,0,group_3,ADJ
(,0,group_3,PUNCT
Macaca,0,group_3,X
fascicularis,0,group_3,X
),0,group_3,PUNCT
proto,0,group_3,CCONJ
nemá,0,group_3,VERB
velkou,0,group_3,ADJ
konkurenci,0,group_3,NOUN
.,0,group_3,PUNCT
Navzdory,0,group_3,ADP
českému,0,group_3,ADJ
jménu,0,group_3,NOUN
nežije,1,group_3,VERB
jen,0,group_3,ADV
na,0,group_3,ADP
Jávě,0,group_3,PROPN
",",0,group_3,PUNCT
obývá,0,group_3,VERB
všechny,0,group_3,DET
indonéské,0,group_3,ADJ
ostrovy,0,group_3,NOUN
",",0,group_3,PUNCT
běžný,0,group_3,ADJ
je,0,group_3,AUX
i,0,group_3,CCONJ
v,0,group_3,ADP
téměř,0,group_3,ADV
celé,0,group_3,ADJ
Zadní,0,group_3,ADJ
Indii,0,group_3,PROPN
.,0,group_3,PUNCT
Nejraději,0,group_3,ADV
má,0,group_3,VERB
hustě,0,group_3,ADV
zalesněné,0,group_3,ADJ
břehy,0,group_3,NOUN
řek,0,group_3,NOUN
nebo,0,group_3,CCONJ
pobřežní,0,group_3,ADJ
mangrovy,0,group_3,NOUN
.,0,group_3,PUNCT
Blízkost,0,group_3,NOUN
vody,0,group_3,NOUN
vyhledává,0,group_3,VERB
záměrně,0,group_3,ADV
",",0,group_3,PUNCT
je,0,group_3,AUX
vynikající,0,group_3,ADJ
plavec,0,group_3,NOUN
a,0,group_3,CCONJ
ve,0,group_3,ADP
vodě,0,group_3,NOUN
nehledá,0,group_3,VERB
jen,0,group_3,ADV
potravu,0,group_3,NOUN
",",0,group_3,PUNCT
ale,0,group_3,CCONJ
i,0,group_3,CCONJ
záchranu,0,group_3,NOUN
před,1,group_3,ADP
predátory,0,group_3,NOUN
.,0,group_3,PUNCT
I,0,group_3,CCONJ
k,1,group_3,ADP
odpočinku,0,group_3,NOUN
si,0,group_3,PRON
vybírá,0,group_3,VERB
stromy,0,group_3,NOUN
",",0,group_3,PUNCT
jejichž,0,group_3,DET
větve,0,group_3,NOUN
sahají,1,group_3,VERB
nad,0,group_3,ADP
hladinu,0,group_3,NOUN
",",0,group_3,PUNCT
aby,0,group_3,_
mohl,0,group_3,VERB
v,1,group_3,ADP
případě,0,group_3,NOUN
nebezpečí,0,group_3,NOUN
jen,0,group_3,ADV
seskočit,0,group_3,VERB
a,0,group_3,CCONJ
rychle,0,group_3,ADV
odplavat,0,group_3,VERB
pryč,0,group_3,ADV
.,0,group_3,PUNCT
O,1,group_3,ADP
tom,0,group_3,DET
",",0,group_3,PUNCT
jak,0,group_3,ADV
skvělý,0,group_3,ADJ
je,0,group_3,AUX
plavec,0,group_3,NOUN
",",0,group_3,PUNCT
svědčí,1,group_3,VERB
to,0,group_3,DET
",",0,group_3,PUNCT
že,0,group_3,SCONJ
má,0,group_3,VERB
ve,1,group_3,ADP
svém,0,group_3,DET
pestrém,1,group_3,ADJ
jídelníčku,0,group_3,NOUN
zařazeny,0,group_3,ADJ
i,0,group_3,CCONJ
ryby,0,group_3,NOUN
",",0,group_3,PUNCT
které,0,group_3,DET
si,0,group_3,PRON
dovede,0,group_3,VERB
ve,0,group_3,ADP
vodě,0,group_3,NOUN
sám,0,group_3,DET
ulovit,0,group_3,VERB
.,0,group_3,PUNCT
Bez,0,group_3,ADP
udice,0,group_3,NOUN
",",0,group_3,PUNCT
jen,0,group_3,PART
tak,0,group_3,ADV
rukama,0,group_3,NOUN
!,0,group_3,PUNCT
Vzdušní,0,group_3,ADJ
akrobaté,0,group_3,NOUN
.,0,group_3,PUNCT
Nejoblíbenějším,0,group_3,ADJ
opičím,0,group_3,ADJ
sportem,1,group_3,NOUN
je,0,group_3,AUX
sportovní,0,group_3,ADJ
gymnastika,0,group_3,NOUN
.,0,group_3,PUNCT
Ale,0,group_3,CCONJ
výkony,1,group_3,NOUN
některých,0,group_3,DET
druhů,0,group_3,NOUN
už,0,group_3,ADV
hraničí,0,group_3,VERB
se,1,group_3,ADP
vzdušnou,0,group_3,ADJ
akrobacií,0,group_3,NOUN
",",0,group_3,PUNCT
v,1,group_3,ADP
níž,0,group_3,PRON
jsou,0,group_3,AUX
jednoznačně,0,group_3,ADV
nejlepší,0,group_3,ADJ
giboni,0,group_3,NOUN
(,0,group_3,PUNCT
čeleď,0,group_3,NOUN
Hylobatidae,0,group_3,X
),0,group_3,PUNCT
.,0,group_3,PUNCT
Z,0,group_3,ADP
místa,0,group_3,NOUN
na,0,group_3,ADP
místo,0,group_3,NOUN
se,0,group_3,PRON
přemísťují,0,group_3,VERB
originálním,0,group_3,ADJ
způsobem,0,group_3,NOUN
",",0,group_3,PUNCT
při,0,group_3,ADP
němž,0,group_3,PRON
místo,0,group_3,ADP
nohou,0,group_3,NOUN
používají,0,group_3,VERB
paže,0,group_3,NOUN
.,0,group_3,PUNCT
Jejich,0,group_3,DET
pohyb,0,group_3,NOUN
",",0,group_3,PUNCT
kdy,0,group_3,ADV
se,0,group_3,PRON
mohutným,0,group_3,ADJ
zhoupnutím,0,group_3,NOUN
a,0,group_3,CCONJ
švihem,0,group_3,NOUN
paže,0,group_3,NOUN
přemísťují,0,group_3,VERB
z,0,group_3,ADP
jedné,0,group_3,NUM
větve,0,group_3,NOUN
na,0,group_3,ADP
druhou,0,group_3,ADJ
",",0,group_3,PUNCT
se,0,group_3,PRON
odborně,0,group_3,ADV
jmenuje,0,group_3,VERB
brachiace,0,group_3,NOUN
a,0,group_3,CCONJ
gibboni,0,group_3,NOUN
v,1,group_3,ADP
něm,0,group_3,PRON
překonávají,0,group_3,VERB
nejeden,0,group_3,NUM
atletický,0,group_3,ADJ
rekord,0,group_3,NOUN
.,0,group_3,PUNCT
Mohou,0,group_3,VERB
takto,0,group_3,ADV
vzduchem,0,group_3,NOUN
létat,0,group_3,VERB
rychlostí,0,group_3,NOUN
až,0,group_3,PART
55,0,group_3,NUM
km,0,group_3,NOUN
/,0,group_3,PUNCT
hod,0,group_3,NOUN
.,0,group_3,PUNCT
",",0,group_3,PUNCT
tj,0,group_3,CCONJ
.,0,group_3,PUNCT
stejně,0,group_3,ADV
rychle,0,group_3,ADV
jako,0,group_3,SCONJ
nejrychlejší,0,group_3,ADJ
opičí,0,group_3,ADJ
sprinter,1,group_3,NOUN
",",1,group_3,PUNCT
a,0,group_3,CCONJ
překonávají,1,group_3,VERB
vzdálenost,0,group_3,NOUN
až,0,group_3,PART
15,0,group_3,NUM
m,0,group_3,NOUN
",",0,group_3,PUNCT
jsou,0,group_3,AUX
tedy,0,group_3,CCONJ
lepší,0,group_3,ADJ
než,0,group_3,SCONJ
dálkař,1,group_3,NOUN
indri,0,group_3,NOUN
.,0,group_3,PUNCT
Zato,0,group_3,ADV
v,1,group_3,ADP
 plavání,0,group_3,NOUN
by,1,group_3,AUX
zcela,0,group_3,ADV
propadli,1,group_3,VERB
-,1,group_3,PUNCT
plavat,0,group_3,VERB
neumí,0,group_3,VERB
vůbec,0,group_3,PART
.,0,group_3,PUNCT
Ráno,0,group_6,ADV
nám,0,group_6,PRON
přijeli,0,group_6,VERB
odpojit,0,group_6,VERB
elektřinu,0,group_6,NOUN
",",0,group_6,PUNCT
protože,0,group_6,SCONJ
nemáme,0,group_6,VERB
zaplacené,0,group_6,ADJ
účty,0,group_6,NOUN
.,0,group_6,PUNCT
Josef,0,group_6,PROPN
se,0,group_6,PRON
nás,0,group_6,PRON
snažil,0,group_6,VERB
přesvědčit,0,group_6,VERB
",",0,group_6,PUNCT
že,0,group_6,SCONJ
elektřinu,0,group_6,NOUN
vlastně,0,group_6,ADV
dohromady,1,group_6,ADV
na,1,group_6,ADP
nic,0,group_6,PRON
nepotřebujeme,0,group_6,VERB
a,0,group_6,CCONJ
kromě,0,group_6,ADP
toho,0,group_6,DET
je,0,group_6,AUX
předražená,0,group_6,ADJ
.,0,group_6,PUNCT
Topit,0,group_6,VERB
můžeme,0,group_6,VERB
v,0,group_6,ADP
kachlových,0,group_6,ADJ
kamnech,0,group_6,NOUN
",",0,group_6,PUNCT
svítit,0,group_6,VERB
petrolejovými,0,group_6,ADJ
lampami,0,group_6,NOUN
a,0,group_6,CCONJ
vodu,0,group_6,NOUN
ohřívat,0,group_6,VERB
v,0,group_6,ADP
kotli,0,group_6,NOUN
",",0,group_6,PUNCT
jak,0,group_6,ADV
se,0,group_6,PRON
to,0,group_6,DET
na,0,group_6,ADP
Kostce,0,group_6,PROPN
dělávalo,0,group_6,VERB
až,0,group_6,PART
do,1,group_6,ADP
roku,0,group_6,NOUN
1927,0,group_6,NUM
Svůj,0,group_6,DET
proslov,0,group_6,NOUN
zakončil,0,group_6,VERB
odvážným,0,group_6,ADJ
tvrzením,0,group_6,NOUN
",",0,group_6,PUNCT
že,0,group_6,SCONJ
elektrický,0,group_6,ADJ
proud,1,group_6,NOUN
působí,1,group_6,VERB
na,1,group_6,ADP
psychiku,0,group_6,NOUN
a,0,group_6,CCONJ
dělá,1,group_6,VERB
lidi,0,group_6,NOUN
nervózními,0,group_6,ADJ
.,0,group_6,PUNCT
Mě,0,group_6,PRON
ovšem,0,group_6,PART
mnohem,0,group_6,ADV
víc,0,group_6,ADV
znervóznila,1,group_6,VERB
představa,0,group_6,NOUN
",",0,group_6,PUNCT
jak,0,group_6,SCONJ
si,0,group_6,PRON
suším,0,group_6,VERB
vlasy,0,group_6,NOUN
nad,0,group_6,ADP
ohněm,0,group_6,NOUN
.,0,group_6,PUNCT
Na,1,group_6,ADP
moji,0,group_6,DET
stranu,1,group_6,NOUN
se,0,group_6,PRON
přidal,0,group_6,VERB
i,0,group_6,CCONJ
dosud,0,group_6,ADV
k,1,group_6,ADP
Josefovi,0,group_6,PROPN
zcela,0,group_6,ADV
loajální,0,group_6,ADJ
a,0,group_6,CCONJ
submisivní,0,group_6,ADJ
pan,0,group_6,NOUN
Spock,0,group_6,PROPN
",",0,group_6,PUNCT
který,0,group_6,DET
se,0,group_6,PRON
odvážil,0,group_6,VERB
namítnout,0,group_6,VERB
",",0,group_6,PUNCT
že,0,group_6,SCONJ
obsluha,0,group_6,NOUN
kachlových,0,group_6,ADJ
kamen,0,group_6,NOUN
čítala,0,group_6,VERB
tři,0,group_6,NUM
lidi,0,group_6,NOUN
",",0,group_6,PUNCT
kteří,0,group_6,DET
celou,0,group_6,ADJ
zimu,0,group_6,NOUN
nedělali,0,group_6,VERB
nic,0,group_6,PRON
jiného,0,group_6,ADJ
",",0,group_6,PUNCT
než,0,group_6,SCONJ
běhali,0,group_6,VERB
po,0,group_6,ADP
zámku,0,group_6,NOUN
a,0,group_6,CCONJ
přikládali,1,group_6,VERB
.,1,group_6,PUNCT
Už,0,group_6,ADV
dost,0,group_6,ADV
na,0,group_6,ADP
tom,0,group_6,DET
",",0,group_6,PUNCT
že,0,group_6,SCONJ
jako,0,group_6,SCONJ
hypertonik,0,group_6,NOUN
musí,0,group_6,VERB
topit,0,group_6,VERB
ve,0,group_6,ADP
skleníku,0,group_6,NOUN
.,0,group_6,PUNCT
Matce,0,group_6,NOUN
jsem,0,group_6,AUX
Josefovo,0,group_6,ADJ
blouznění,0,group_6,NOUN
překládala,1,group_6,VERB
raději,0,group_6,ADV
jen,0,group_6,ADV
namátkově,0,group_6,ADV
",",0,group_6,PUNCT
protože,0,group_6,SCONJ
jsem,0,group_6,AUX
se,0,group_6,PRON
obávala,0,group_6,VERB
",",0,group_6,PUNCT
že,0,group_6,SCONJ
by,0,group_6,AUX
s,1,group_6,ADP
jeho,0,group_6,DET
argumenty,0,group_6,NOUN
byla,0,group_6,AUX
schopná,0,group_6,ADJ
souhlasit,0,group_6,VERB
.,0,group_6,PUNCT
Návratu,0,group_6,NOUN
Kostky,0,group_6,NOUN
do,1,group_6,ADP
devatenáctého,0,group_6,ADJ
století,0,group_6,NOUN
zabránila,0,group_6,VERB
paní,0,group_6,NOUN
Tichá,0,group_6,PROPN
",",0,group_6,PUNCT
která,0,group_6,DET
pohrozila,0,group_6,VERB
okamžitou,0,group_6,ADJ
výpovědí,0,group_6,NOUN
",",0,group_6,PUNCT
pokud,0,group_6,SCONJ
jí,0,group_6,PRON
nepojede,1,group_6,VERB
vysavač,0,group_6,NOUN
",",0,group_6,PUNCT
mražáky,0,group_6,NOUN
a,0,group_6,CCONJ
umělá,0,group_6,ADJ
líheň,0,group_6,NOUN
na,1,group_6,ADP
kuřata,0,group_6,NOUN
.,0,group_6,PUNCT
Otec,0,group_6,NOUN
tedy,0,group_6,CCONJ
uprosil,0,group_6,VERB
muže,0,group_6,NOUN
od,1,group_6,ADP
elektrárenské,0,group_6,ADJ
společnosti,0,group_6,NOUN
",",0,group_6,PUNCT
aby,0,group_6,_
nám,0,group_6,PRON
elektřinu,0,group_6,NOUN
neodpojovali,0,group_6,VERB
",",0,group_6,PUNCT
oblekl,0,group_6,VERB
si,0,group_6,PRON
blejzr,0,group_6,NOUN
a,0,group_6,CCONJ
odjel,0,group_6,VERB
s,0,group_6,ADP
nimi,0,group_6,PRON
na,0,group_6,ADP
ředitelství,0,group_6,NOUN
.,0,group_6,PUNCT
Odpoledne,0,group_6,ADV
jsem,0,group_6,AUX
s,0,group_6,ADP
paní,0,group_6,NOUN
Tichou,0,group_6,PROPN
vysávala,0,group_6,VERB
Himmlerovo,0,group_6,ADJ
apartmá,0,group_6,NOUN
.,0,group_6,PUNCT
Ty,0,group_6,DET
čtyři,0,group_6,NUM
místnosti,0,group_6,NOUN
",",0,group_6,PUNCT
kde,0,group_6,ADV
několikrát,0,group_6,ADV
přenocoval,0,group_6,VERB
Heinrich,0,group_6,PROPN
Himmler,0,group_6,PROPN
",",0,group_6,PUNCT
jsou,0,group_6,AUX
mnohem,0,group_6,ADV
útulnější,0,group_6,ADJ
než,0,group_6,SCONJ
náš,0,group_6,DET
byt,0,group_6,NOUN
a,0,group_6,CCONJ
hlavně,0,group_6,ADV
-,0,group_6,PUNCT
mají,0,group_6,VERB
koupelnu,0,group_6,NOUN
!,0,group_6,PUNCT
Požádala,0,group_6,VERB
jsem,0,group_6,AUX
matku,0,group_6,NOUN
",",0,group_6,PUNCT
aby,0,group_6,_
se,0,group_6,PRON
nad,1,group_6,ADP
touto,0,group_6,DET
skutečností,0,group_6,NOUN
alespoň,0,group_6,ADV
zamyslela,0,group_6,VERB
",",0,group_6,PUNCT
ale,0,group_6,CCONJ
odmítla,0,group_6,VERB
s,1,group_6,ADP
tím,0,group_6,DET
",",0,group_6,PUNCT
že,0,group_6,SCONJ
nebude,0,group_6,AUX
bydlet,0,group_6,VERB
v,0,group_6,ADP
bytě,0,group_6,NOUN
po,1,group_6,ADP
nacistickém,0,group_6,ADJ
hrdlořezovi,0,group_6,NOUN
",",0,group_6,PUNCT
kvůli,0,group_6,ADP
němuž,0,group_6,PRON
padl,1,group_6,VERB
její,0,group_6,DET
dědeček,0,group_6,NOUN
Joe,0,group_6,PROPN
.,0,group_6,PUNCT
Moji,0,group_6,DET
námitku,0,group_6,NOUN
",",0,group_6,PUNCT
že,0,group_6,SCONJ
jejího,0,group_6,DET
dědečka,0,group_6,NOUN
zastřelili,0,group_6,VERB
Japonci,0,group_6,PROPN
na,0,group_6,ADP
Filipínách,0,group_6,PROPN
",",0,group_6,PUNCT
přešla,1,group_6,VERB
mávnutím,0,group_6,NOUN
ruky,0,group_6,NOUN
.,0,group_6,PUNCT
Josef,0,group_6,PROPN
by,0,group_6,AUX
proti,1,group_6,ADP
našemu,0,group_6,DET
přestěhování,0,group_6,NOUN
kupodivu,0,group_6,ADV
nic,0,group_6,PRON
neměl,0,group_6,VERB
",",0,group_6,PUNCT
jenom,0,group_6,ADV
mě,0,group_6,PRON
upozornil,0,group_6,VERB
",",0,group_6,PUNCT
že,0,group_6,SCONJ
Himmlerovo,0,group_6,ADJ
apartmá,0,group_6,NOUN
je,0,group_6,AUX
v,1,group_6,ADP
návštěvnické,0,group_6,ADJ
trase,0,group_6,NOUN
",",0,group_6,PUNCT
takže,0,group_6,SCONJ
bychom,0,group_6,AUX
se,0,group_6,PRON
museli,0,group_6,VERB
smířit,0,group_6,VERB
s,1,group_6,ADP
tím,0,group_6,DET
",",0,group_6,PUNCT
že,0,group_6,SCONJ
nám,0,group_6,PRON
přes,0,group_6,ADP
byt,0,group_6,NOUN
budou,0,group_6,AUX
chodit,0,group_6,VERB
mufloni,1,group_6,NOUN
.,1,group_6,PUNCT
Na,1,group_6,ADP
můj,0,group_6,DET
udivený,0,group_6,ADJ
dotaz,0,group_6,NOUN
",",0,group_6,PUNCT
proč,0,group_6,ADV
chodí,0,group_6,VERB
k,1,group_6,ADP
Himmlerovi,0,group_6,PROPN
mufloni,0,group_6,NOUN
",",0,group_6,PUNCT
kde,0,group_6,ADV
se,0,group_6,PRON
berou,0,group_6,VERB
a,0,group_6,CCONJ
jak,0,group_6,ADV
se,0,group_6,PRON
tam,0,group_6,ADV
dostanou,0,group_6,VERB
",",0,group_6,PUNCT
mi,0,group_6,PRON
řekl,0,group_6,VERB
",",0,group_6,PUNCT
že,0,group_6,SCONJ
muflon,0,group_6,NOUN
je,0,group_6,AUX
slangový,0,group_6,ADJ
výraz,0,group_6,NOUN
pro,0,group_6,ADP
návštěvníka,0,group_6,NOUN
.,0,group_6,PUNCT
To,0,group_6,DET
mě,0,group_6,PRON
uklidnilo,0,group_6,VERB
",",0,group_6,PUNCT
protože,0,group_6,SCONJ
jsem,0,group_6,AUX
si,0,group_6,PRON
myslela,0,group_6,VERB
",",0,group_6,PUNCT
že,0,group_6,SCONJ
jde,1,group_6,VERB
zas,0,group_6,ADV
o,1,group_6,ADP
nějakou,0,group_6,DET
divnou,0,group_6,ADJ
rodovou,0,group_6,ADJ
tradici,0,group_6,NOUN
a,0,group_6,CCONJ
my,0,group_6,PRON
budeme,0,group_6,AUX
přímo,0,group_6,ADV
v,0,group_6,ADP
zámku,0,group_6,NOUN
muset,0,group_6,VERB
opatrovat,0,group_6,VERB
stádo,0,group_6,NOUN
zvířat,0,group_6,NOUN
.,0,group_6,PUNCT
Potom,0,group_6,ADV
lstivě,0,group_6,ADV
dodal,0,group_6,VERB
",",0,group_6,PUNCT
že,0,group_6,SCONJ
kdybychom,0,group_6,_
Kostku,0,group_6,NOUN
pro,0,group_6,ADP
muflony,1,group_6,NOUN
uzavřeli,0,group_6,VERB
",",0,group_6,PUNCT
můžeme,0,group_6,VERB
bydlet,0,group_6,VERB
",",0,group_6,PUNCT
kde,0,group_6,ADV
se,0,group_6,PRON
nám,0,group_6,PRON
zlíbí,0,group_6,VERB
.,0,group_6,PUNCT
Řekla,0,group_6,VERB
jsem,0,group_6,AUX
mu,0,group_6,PRON
",",0,group_6,PUNCT
že,0,group_6,SCONJ
o,1,group_6,ADP
tom,0,group_6,DET
budu,0,group_6,AUX
přemýšlet,0,group_6,VERB
",",0,group_6,PUNCT
ale,0,group_6,CCONJ
vzhledem,0,group_6,ADP
k,1,group_6,ADP
naší,0,group_6,DET
finanční,0,group_6,ADJ
situaci,0,group_6,NOUN
je,0,group_6,AUX
jasné,1,group_6,ADJ
",",1,group_6,PUNCT
že,0,group_6,SCONJ
muflony,1,group_6,NOUN
a,0,group_6,CCONJ
jejich,0,group_6,DET
peníze,0,group_6,NOUN
budeme,0,group_6,AUX
potřebovat,0,group_6,VERB
.,0,group_6,PUNCT
Otec,0,group_6,NOUN
se,0,group_6,PRON
vrátil,0,group_6,VERB
zasmušilý,0,group_6,ADJ
.,0,group_6,PUNCT
Elektřinu,0,group_6,NOUN
sice,0,group_6,CCONJ
zachránil,0,group_6,VERB
",",0,group_6,PUNCT
ale,0,group_6,CCONJ
Bendova,0,group_6,ADJ
půjčka,0,group_6,NOUN
se,0,group_6,PRON
opět,0,group_6,ADV
výrazně,0,group_6,ADV
scvrkla,1,group_6,VERB
.,1,group_6,PUNCT
Celý,0,group_6,ADJ
večer,0,group_6,NOUN
si,0,group_6,PRON
hrál,0,group_6,VERB
ve,0,group_6,ADP
svém,0,group_6,DET
pokoji,0,group_6,NOUN
s,0,group_6,ADP
Olinem,0,group_6,PROPN
a,0,group_6,CCONJ
Laďou,0,group_6,PROPN
",",0,group_6,PUNCT
přičemž,0,group_6,ADV
jim,0,group_6,PRON
říkal,0,group_6,VERB
",",0,group_6,PUNCT
jak,0,group_6,ADV
jim,0,group_6,PRON
závidí,0,group_6,VERB
",",0,group_6,PUNCT
že,0,group_6,SCONJ
nemají,0,group_6,VERB
zámek,0,group_6,NOUN
a,0,group_6,CCONJ
dluhy,0,group_6,NOUN
.,0,group_6,PUNCT
Já,0,group_6,PRON
jsem,0,group_6,AUX
si,0,group_6,PRON
střídavě,0,group_6,ADV
četla,0,group_6,VERB
Bibli,0,group_6,NOUN
a,0,group_6,CCONJ
deník,0,group_6,NOUN
Václava,0,group_6,PROPN
Antonína,0,group_6,PROPN
-,0,group_6,PUNCT
toho,0,group_6,DET
",",0,group_6,PUNCT
který,0,group_6,DET
zajal,0,group_6,VERB
harém,0,group_6,NOUN
a,0,group_6,CCONJ
přivezl,0,group_6,VERB
si,0,group_6,PRON
jej,0,group_6,PRON
na,0,group_6,ADP
Kostku,0,group_6,PROPN
",",0,group_6,PUNCT
aniž,0,group_6,SCONJ
by,0,group_6,AUX
mu,0,group_6,PRON
překáželo,1,group_6,VERB
",",1,group_6,PUNCT
že,0,group_6,SCONJ
je,0,group_6,AUX
ženatý,0,group_6,ADJ
.,0,group_6,PUNCT
Popisy,0,group_6,NOUN
jeho,0,group_6,DET
sexuálních,0,group_6,ADJ
praktik,0,group_6,NOUN
jsou,0,group_6,AUX
doprovázeny,1,group_6,ADJ
kresbami,0,group_6,NOUN
",",0,group_6,PUNCT
takže,0,group_6,SCONJ
to,0,group_6,DET
vypadá,0,group_6,VERB
jako,0,group_6,SCONJ
pornografický,0,group_6,ADJ
komiks,0,group_6,NOUN
.,0,group_6,PUNCT
Václav,0,group_6,PROPN
Antonín,0,group_6,PROPN
si,0,group_6,PRON
nepochybně,0,group_6,ADV
právem,0,group_6,ADV
vysloužil,0,group_6,VERB
v,1,group_6,ADP
rodových,0,group_6,ADJ
dějinách,0,group_6,NOUN
přezdívku,0,group_6,NOUN
Velký,0,group_6,ADJ
Prasák,0,group_6,PROPN
.,0,group_6,PUNCT
Po,1,group_6,ADP
přehlídce,0,group_6,NOUN
těch,0,group_6,DET
nejbizarnějších,0,group_6,ADJ
a,0,group_6,CCONJ
nejnepravděpodobnějších,0,group_6,ADJ
poloh,0,group_6,NOUN
jsem,0,group_6,AUX
se,0,group_6,PRON
na,1,group_6,ADP
Skutky,0,group_6,NOUN
apoštolů,0,group_6,NOUN
soustředila,0,group_6,VERB
jen,0,group_6,ADV
s,1,group_6,ADP
nejvyšším,1,group_6,ADJ
vypětím,0,group_6,NOUN
.,0,group_6,PUNCT
V,1,group_6,ADP
noci,0,group_6,NOUN
se,0,group_6,PRON
mi,0,group_6,PRON
zdálo,0,group_6,VERB
o,1,group_6,ADP
břišních,0,group_6,ADJ
tanečnicích,0,group_6,NOUN
.,0,group_6,PUNCT
U,1,group_6,ADP
snídaně,0,group_6,NOUN
byl,0,group_6,AUX
otec,0,group_6,NOUN
stále,0,group_6,ADV
zasmušilý,0,group_6,ADJ
.,0,group_6,PUNCT
Pozoroval,0,group_6,VERB
Olina,0,group_6,PROPN
s,0,group_6,ADP
Laďou,0,group_6,PROPN
",",0,group_6,PUNCT
jak,0,group_6,SCONJ
chlemtají,0,group_6,VERB
kuřecí,0,group_6,ADJ
vývar,0,group_6,NOUN
z,0,group_6,ADP
desetilitrového,0,group_6,ADJ
kastrolu,0,group_6,NOUN
",",0,group_6,PUNCT
a,0,group_6,CCONJ
ztrápeným,0,group_6,ADJ
hlasem,0,group_6,NOUN
je,0,group_6,PRON
pobízel,0,group_6,VERB
",",0,group_6,PUNCT
ať,0,group_6,SCONJ
se,0,group_6,PRON
nají,0,group_6,VERB
do,1,group_6,ADP
zásoby,0,group_6,NOUN
",",0,group_6,PUNCT
protože,0,group_6,SCONJ
bída,0,group_6,NOUN
a,0,group_6,CCONJ
hlad,0,group_6,NOUN
už,0,group_6,ADV
stojí,1,group_6,VERB
za,0,group_6,ADP
dveřmi,1,group_6,NOUN
.,1,group_6,PUNCT
Nevím,0,group_6,VERB
jak,0,group_6,ADV
bída,0,group_6,NOUN
",",0,group_6,PUNCT
ale,0,group_6,CCONJ
hlad,0,group_6,NOUN
za,0,group_6,ADP
dveřmi,1,group_6,NOUN
určitě,0,group_6,ADV
nestojí,1,group_6,VERB
.,1,group_6,PUNCT
Zásoby,0,group_6,NOUN
masa,0,group_6,NOUN
odhaduji,0,group_6,VERB
tak,0,group_6,ADV
na,1,group_6,ADP
rok,0,group_6,NOUN
.,0,group_6,PUNCT
Dnes,0,group_6,ADV
v,1,group_6,ADP
noci,0,group_6,NOUN
se,0,group_6,PRON
v,0,group_6,ADP
umělé,0,group_6,ADJ
líhni,0,group_6,NOUN
narodila,0,group_6,VERB
další,0,group_6,ADJ
várka,1,group_6,NOUN
housat,0,group_6,NOUN
.,0,group_6,PUNCT
Ostatně,0,group_6,ADV
co,0,group_6,PRON
se,0,group_6,PRON
stravy,0,group_6,NOUN
týká,0,group_6,VERB
-,0,group_6,PUNCT
jsem,0,group_6,AUX
překvapená,0,group_6,ADJ
",",0,group_6,PUNCT
jak,0,group_6,ADV
rychle,0,group_6,ADV
jsem,0,group_6,AUX
si,0,group_6,PRON
zvykla,0,group_6,VERB
na,1,group_6,ADP
kuchyni,1,group_6,NOUN
paní,0,group_6,NOUN
Tiché,0,group_6,PROPN
.,0,group_6,PUNCT
Ještě,0,group_6,ADV
před,1,group_6,ADP
měsícem,0,group_6,NOUN
bych,0,group_6,AUX
nevěřila,0,group_6,VERB
",",0,group_6,PUNCT
že,0,group_6,SCONJ
se,0,group_6,PRON
dají,0,group_6,VERB
sníst,0,group_6,VERB
napohled,0,group_6,ADV
tak,0,group_6,ADV
odpudivé,0,group_6,ADJ
věci,0,group_6,NOUN
jako,0,group_6,SCONJ
tlačenka,0,group_6,NOUN
",",0,group_6,PUNCT
pajšl,0,group_6,NOUN
nebo,0,group_6,CCONJ
lečo,0,group_6,NOUN
.,0,group_6,PUNCT
Kupodivu,0,group_6,ADV
jsem,0,group_6,AUX
zvládla,0,group_6,VERB
i,0,group_6,CCONJ
zabijačkovou,0,group_6,ADJ
polévku,0,group_6,NOUN
",",0,group_6,PUNCT
přestože,0,group_6,SCONJ
jsem,0,group_6,AUX
stále,0,group_6,ADV
přesvědčená,0,group_6,ADJ
",",0,group_6,PUNCT
že,0,group_6,SCONJ
jídlo,0,group_6,NOUN
by,0,group_6,AUX
nemělo,0,group_6,VERB
mít,0,group_6,VERB
černou,0,group_6,ADJ
barvu,0,group_6,NOUN
.,0,group_6,PUNCT
Taky,0,group_6,ADV
už,0,group_6,ADV
umím,0,group_6,VERB
oškubat,0,group_6,VERB
",",0,group_6,PUNCT
vykuchat,0,group_6,VERB
a,0,group_6,CCONJ
naporcovat,0,group_6,VERB
drůbež,0,group_6,NOUN
a,0,group_6,CCONJ
dnes,0,group_6,ADV
jsem,0,group_6,AUX
poprvé,0,group_6,ADV
smažila,0,group_6,VERB
vepřové,0,group_6,ADJ
řízky,0,group_6,NOUN
.,0,group_6,PUNCT
Výsledky,0,group_9,NOUN
práce,0,group_9,NOUN
domácích,1,group_9,ADJ
řemeslníků,0,group_9,NOUN
a,0,group_9,CCONJ
rovněž,0,group_9,ADV
prospektorů,0,group_9,NOUN
",",0,group_9,PUNCT
kteří,0,group_9,DET
již,0,group_9,ADV
tenkrát,0,group_9,ADV
křižovali,0,group_9,VERB
krajinou,0,group_9,NOUN
a,0,group_9,CCONJ
hledali,0,group_9,VERB
ložiska,0,group_9,NOUN
železných,0,group_9,ADJ
i,0,group_9,CCONJ
barevných,1,group_9,ADJ
a,0,group_9,CCONJ
cenných,0,group_9,ADJ
kovů,0,group_9,NOUN
",",0,group_9,PUNCT
se,0,group_9,PRON
směňovaly,0,group_9,VERB
na,0,group_9,ADP
tržištích,0,group_9,NOUN
v,0,group_9,ADP
podhradí,0,group_9,NOUN
velkých,0,group_9,ADJ
ústředí,0,group_9,NOUN
a,0,group_9,CCONJ
na,0,group_9,ADP
všeobecně,0,group_9,ADV
známých,0,group_9,ADJ
a,0,group_9,CCONJ
přístupných,0,group_9,ADJ
místech,0,group_9,NOUN
.,0,group_9,PUNCT
Vedle,1,group_9,ADP
trhu,0,group_9,NOUN
domácího,1,group_9,ADJ
",",1,group_9,PUNCT
který,0,group_9,DET
asi,0,group_9,PART
při,1,group_9,ADP
všeobecně,0,group_9,ADV
samozásobitelské,0,group_9,ADJ
povaze,0,group_9,NOUN
české,0,group_9,ADJ
společnosti,0,group_9,NOUN
desátého,0,group_9,ADJ
století,0,group_9,NOUN
příliš,0,group_9,ADV
velkého,0,group_9,ADJ
obratu,1,group_9,NOUN
nedociloval,1,group_9,VERB
",",1,group_9,PUNCT
víme,0,group_9,VERB
v,0,group_9,ADP
českých,0,group_9,ADJ
zemích,0,group_9,NOUN
již,0,group_9,ADV
od,1,group_9,ADP
samého,0,group_9,DET
počátku,0,group_9,NOUN
tohoto,0,group_9,DET
věku,0,group_9,NOUN
o,1,group_9,ADP
přítomnosti,0,group_9,NOUN
dálkového,0,group_9,ADJ
obchodu,0,group_9,NOUN
mezinárodního,0,group_9,ADJ
.,0,group_9,PUNCT
Zdá,1,group_9,VERB
se,1,group_9,PRON
",",1,group_9,PUNCT
že,0,group_9,SCONJ
onou,0,group_9,DET
dobou,0,group_9,NOUN
opouštěly,1,group_9,VERB
Čechy,0,group_9,PROPN
především,0,group_9,ADV
suroviny,0,group_9,NOUN
a,0,group_9,CCONJ
polotovary,0,group_9,NOUN
",",0,group_9,PUNCT
například,0,group_9,PART
právě,1,group_9,ADV
uvedený,1,group_9,ADJ
vosk,0,group_9,NOUN
",",0,group_9,PUNCT
a,0,group_9,CCONJ
případně,0,group_9,ADV
též,0,group_9,ADV
zboží,0,group_9,NOUN
",",0,group_9,PUNCT
která,0,group_9,DET
naším,0,group_9,DET
územím,0,group_9,NOUN
procházela,1,group_9,VERB
jako,0,group_9,SCONJ
zásilky,0,group_9,NOUN
tranzitního,0,group_9,ADJ
obchodu,0,group_9,NOUN
",",0,group_9,PUNCT
třeba,0,group_9,ADV
saská,0,group_9,ADJ
sůl,0,group_9,NOUN
ze,0,group_9,ADP
solivarů,0,group_9,NOUN
v,0,group_9,ADP
okolí,0,group_9,NOUN
Halle,0,group_9,X
an,0,group_9,X
der,0,group_9,X
Saale,0,group_9,X
.,0,group_9,PUNCT
Již,0,group_9,ADV
od,1,group_9,ADP
doby,0,group_9,NOUN
kolem,1,group_9,ADP
roku,0,group_9,NOUN
900,0,group_9,NUM
však,0,group_9,CCONJ
naši,0,group_9,DET
podnikatelé,0,group_9,NOUN
nabízeli,0,group_9,VERB
na,1,group_9,ADP
zahraničních,0,group_9,ADJ
trzích,0,group_9,NOUN
„,1,group_9,PUNCT
zboží,1,group_9,NOUN
“,1,group_9,PUNCT
",",1,group_9,PUNCT
se,0,group_9,ADP
kterým,0,group_9,DET
nemohli,0,group_9,VERB
neuspět,0,group_9,VERB
-,0,group_9,PUNCT
otroky,0,group_9,NOUN
a,0,group_9,CCONJ
otrokyně,0,group_9,NOUN
.,0,group_9,PUNCT
O,1,group_9,ADP
tom,0,group_9,DET
uslyšíme,0,group_9,VERB
více,0,group_9,ADV
později,0,group_9,ADV
.,0,group_9,PUNCT
V,0,group_9,ADP
zemi,0,group_9,NOUN
obíhala,0,group_9,VERB
celá,0,group_9,ADJ
řada,1,group_9,NOUN
směnných,0,group_9,ADJ
prostředků,1,group_9,NOUN
",",1,group_9,PUNCT
užívaných,0,group_9,ADJ
jako,0,group_9,SCONJ
všeobecné,0,group_9,ADJ
hodnotové,0,group_9,ADJ
ekvivalenty,0,group_9,NOUN
nabízených,0,group_9,ADJ
zboží,0,group_9,NOUN
.,0,group_9,PUNCT
Vedle,1,group_9,ADP
stůčků,0,group_9,NOUN
hedvábí,0,group_9,NOUN
a,0,group_9,CCONJ
ingotů,0,group_9,NOUN
z,1,group_9,ADP
různých,0,group_9,ADJ
kovů,0,group_9,NOUN
standardní,0,group_9,ADJ
váhy,0,group_9,NOUN
to,0,group_9,DET
byly,0,group_9,AUX
především,0,group_9,ADV
pověstné,0,group_9,ADJ
šátečky,1,group_9,NOUN
",",1,group_9,PUNCT
o,1,group_9,ADP
nichž,0,group_9,PRON
se,0,group_9,PRON
zmiňuje,0,group_9,VERB
emisar,0,group_9,NOUN
córdobského,0,group_9,ADJ
chalífátu,0,group_9,NOUN
Ibráhím,0,group_9,PROPN
ibn,0,group_9,PROPN
Jakúb,0,group_9,PROPN
",",0,group_9,PUNCT
který,0,group_9,DET
navštívil,0,group_9,VERB
české,0,group_9,ADJ
země,0,group_9,NOUN
někdy,0,group_9,ADV
v,1,group_9,ADP
šedesátých,0,group_9,ADJ
letech,0,group_9,NOUN
desátého,0,group_9,ADJ
století,0,group_9,NOUN
.,0,group_9,PUNCT
Z,1,group_9,ADP
jeho,0,group_9,DET
zprávy,0,group_9,NOUN
se,0,group_9,PRON
zachoval,0,group_9,VERB
úryvek,0,group_9,NOUN
",",0,group_9,PUNCT
který,0,group_9,DET
popisuje,1,group_9,VERB
",",1,group_9,PUNCT
jak,0,group_9,SCONJ
čeští,0,group_9,ADJ
Slované,0,group_9,PROPN
užívají,0,group_9,VERB
při,1,group_9,ADP
obchodu,0,group_9,NOUN
zvláštních,0,group_9,ADJ
textilních,0,group_9,ADJ
výrobků,0,group_9,NOUN
standardní,0,group_9,ADJ
velikosti,0,group_9,NOUN
",",0,group_9,PUNCT
tkaných,0,group_9,ADJ
tak,0,group_9,ADV
řídce,0,group_9,ADV
",",0,group_9,PUNCT
že,0,group_9,SCONJ
se,0,group_9,PRON
nehodí,0,group_9,VERB
v,1,group_9,ADP
praxi,0,group_9,NOUN
k,1,group_9,ADP
ničemu,0,group_9,PRON
jinému,0,group_9,ADJ
než,0,group_9,SCONJ
právě,1,group_9,ADV
ke,1,group_9,ADP
směňování,0,group_9,NOUN
.,0,group_9,PUNCT
Podle,1,group_9,ADP
córdobského,0,group_9,ADJ
cestovatele,0,group_9,NOUN
byl,0,group_9,AUX
poměr,0,group_9,NOUN
oněch,0,group_9,DET
šátečků,1,group_9,NOUN
k,1,group_9,ADP
minci,0,group_9,NOUN
ustálen,0,group_9,ADJ
a,0,group_9,CCONJ
tento,0,group_9,DET
všeobecně,0,group_9,ADV
známý,0,group_9,ADJ
poměr,0,group_9,NOUN
sloužil,1,group_9,VERB
k,1,group_9,ADP
rychlému,1,group_9,ADJ
přepočtu,0,group_9,NOUN
cen,0,group_9,NOUN
jednotlivých,0,group_9,ADJ
druhů,0,group_9,NOUN
zboží,0,group_9,NOUN
v,1,group_9,ADP
libovolné,0,group_9,ADJ
podobě,1,group_9,NOUN
oběživa,0,group_9,NOUN
.,0,group_9,PUNCT
Zdá,1,group_9,VERB
se,1,group_9,PRON
",",1,group_9,PUNCT
že,0,group_9,SCONJ
Čechové,0,group_9,PROPN
desátého,0,group_9,ADJ
století,0,group_9,NOUN
užívali,0,group_9,VERB
oněch,0,group_9,DET
šátečků,1,group_9,NOUN
co,0,group_9,SCONJ
„,1,group_9,PUNCT
drobných,1,group_9,ADJ
“,1,group_9,PUNCT
",",1,group_9,PUNCT
neboť,0,group_9,CCONJ
stříbrná,0,group_9,ADJ
mince,0,group_9,NOUN
měla,0,group_9,VERB
podle,1,group_9,ADP
Ibráhímových,0,group_9,ADJ
údajů,0,group_9,NOUN
hodnotu,0,group_9,NOUN
poměrně,0,group_9,ADV
vysokou,1,group_9,ADJ
.,1,group_9,PUNCT
Právě,1,group_9,ADV
tento,0,group_9,DET
údaj,0,group_9,NOUN
způsobuje,1,group_9,VERB
však,0,group_9,CCONJ
badatelům,0,group_9,NOUN
jisté,1,group_9,ADJ
rozpaky,0,group_9,NOUN
",",0,group_9,PUNCT
neboť,0,group_9,CCONJ
si,0,group_9,PRON
povšimli,0,group_9,VERB
",",0,group_9,PUNCT
že,0,group_9,SCONJ
kdyby,0,group_9,_
Ibráhímem,0,group_9,PROPN
uváděné,1,group_9,ADJ
ceny,0,group_9,NOUN
opravdu,0,group_9,ADV
platily,1,group_9,VERB
",",1,group_9,PUNCT
bylo,0,group_9,AUX
by,0,group_9,AUX
v,0,group_9,ADP
Čechách,0,group_9,PROPN
desátého,0,group_9,ADJ
století,0,group_9,NOUN
obilí,0,group_9,NOUN
levnější,0,group_9,ADJ
než,0,group_9,SCONJ
v,0,group_9,ADP
Egyptě,0,group_9,PROPN
!,0,group_9,PUNCT
Kromě,0,group_9,ADP
těchto,0,group_9,DET
různých,0,group_9,ADJ
podob,1,group_9,NOUN
oběživa,0,group_9,NOUN
se,0,group_9,PRON
u,1,group_9,ADP
nás,0,group_9,PRON
ovšem,0,group_9,PART
nakupovalo,0,group_9,VERB
i,0,group_9,CCONJ
za,1,group_9,ADP
stříbrnou,0,group_9,ADJ
minci,0,group_9,NOUN
západní,0,group_9,ADJ
",",0,group_9,PUNCT
karlovské,0,group_9,ADJ
váhové,0,group_9,ADJ
soustavy,0,group_9,NOUN
.,0,group_9,PUNCT
První,0,group_9,ADJ
takové,0,group_9,DET
peníze,0,group_9,NOUN
zarazil,1,group_9,VERB
snad,0,group_9,PART
již,0,group_9,ADV
otec,0,group_9,NOUN
našeho,0,group_9,DET
hrdiny,1,group_9,NOUN
",",1,group_9,PUNCT
Boleslav,0,group_9,PROPN
I,0,group_9,NUM
.,0,group_9,PUNCT
",",0,group_9,PUNCT
a,0,group_9,CCONJ
do,1,group_9,ADP
konce,0,group_9,NOUN
10,0,group_9,NUM
století,0,group_9,NOUN
v,1,group_9,ADP
rukou,1,group_9,NOUN
našich,0,group_9,DET
obchodníků,0,group_9,NOUN
a,0,group_9,CCONJ
mohovitých,0,group_9,ADJ
členů,0,group_9,NOUN
společnosti,0,group_9,NOUN
zcela,0,group_9,ADV
zdomácněly,0,group_9,VERB
.,0,group_9,PUNCT
Nejstarší,0,group_9,ADJ
české,0,group_9,ADJ
mince,0,group_9,NOUN
napodobovaly,1,group_9,VERB
ražby,0,group_9,NOUN
bavorského,0,group_9,ADJ
města,0,group_9,NOUN
Řezna,0,group_9,PROPN
",",0,group_9,PUNCT
brzy,0,group_9,ADV
se,1,group_9,PRON
však,0,group_9,CCONJ
čeští,0,group_9,ADJ
mincmistři,0,group_9,NOUN
orientovali,1,group_9,VERB
na,1,group_9,ADP
širší,1,group_9,ADJ
mezinárodní,0,group_9,ADJ
trh,1,group_9,NOUN
a,0,group_9,CCONJ
počali,0,group_9,VERB
razit,0,group_9,VERB
minci,0,group_9,NOUN
napodobující,1,group_9,ADJ
anglosaské,0,group_9,ADJ
denáry,0,group_9,NOUN
krále,0,group_9,NOUN
Ethelreda,0,group_9,PROPN
II,0,group_9,NUM
.,0,group_9,PUNCT
",",0,group_9,PUNCT
známého,0,group_9,ADJ
pod,1,group_9,ADP
jménem,0,group_9,NOUN
Ethelred,0,group_9,PROPN
Zlé,0,group_9,ADJ
rady,0,group_9,NOUN
(,0,group_9,PUNCT
Ethelred,0,group_9,X
the,0,group_9,X
Unready,0,group_9,X
",",0,group_9,PUNCT
slovní,0,group_9,ADJ
hříčka,1,group_9,NOUN
se,0,group_9,ADP
jménem,0,group_9,NOUN
anglosaského,0,group_9,ADJ
Adalráda,0,group_9,PROPN
Unráda,0,group_9,PROPN
",",0,group_9,PUNCT
978,0,group_9,NUM
–,0,group_9,PUNCT
1016,0,group_9,NUM
),0,group_9,PUNCT
",",0,group_9,PUNCT
tehdy,0,group_9,ADV
oblíbené,0,group_9,ADJ
platidlo,0,group_9,NOUN
na,1,group_9,ADP
trzích,1,group_9,NOUN
po,0,group_9,ADP
obou,0,group_9,NUM
březích,0,group_9,NOUN
Baltského,0,group_9,ADJ
moře,0,group_9,NOUN
",",0,group_9,PUNCT
kam,0,group_9,ADV
tehdejší,0,group_9,ADJ
český,0,group_9,ADJ
obchod,0,group_9,NOUN
především,0,group_9,ADV
směřoval,1,group_9,VERB
.,1,group_9,PUNCT
Kdybychom,0,group_9,_
měli,0,group_9,VERB
popsat,1,group_9,VERB
orientaci,1,group_9,NOUN
českého,0,group_9,ADJ
dálkového,0,group_9,ADJ
obchodu,0,group_9,NOUN
na,1,group_9,ADP
tehdejší,0,group_9,ADJ
světové,0,group_9,ADJ
trhy,1,group_9,NOUN
",",1,group_9,PUNCT
připodobnili,0,group_9,VERB
bychom,0,group_9,AUX
ji,0,group_9,PRON
nejspíše,0,group_9,PART
k,1,group_9,ADP
větrné,0,group_9,ADJ
růžici,0,group_9,NOUN
směřující,0,group_9,ADJ
do,1,group_9,ADP
čtyř,0,group_9,NUM
světových,0,group_9,ADJ
stran,0,group_9,NOUN
",",0,group_9,PUNCT
ale,0,group_9,CCONJ
otočené,0,group_9,ADJ
o,0,group_9,ADP
45,0,group_9,NUM
°,0,group_9,NOUN
.,0,group_9,PUNCT
Bylo,0,group_9,AUX
to,0,group_9,DET
způsobeno,0,group_9,ADJ
tím,0,group_9,DET
",",0,group_9,PUNCT
že,0,group_9,SCONJ
hlavní,0,group_9,ADJ
obchodní,0,group_9,ADJ
tepny,1,group_9,NOUN
se,0,group_9,PRON
tehdy,0,group_9,ADV
kryly,0,group_9,VERB
se,0,group_9,ADP
směry,0,group_9,NOUN
velkých,0,group_9,ADJ
řek,0,group_9,NOUN
",",0,group_9,PUNCT
které,0,group_9,DET
z,0,group_9,ADP
Čech,0,group_9,PROPN
vytékaly,0,group_9,VERB
nebo,0,group_9,CCONJ
proudily,0,group_9,VERB
v,0,group_9,ADP
jejich,0,group_9,DET
těsné,1,group_9,ADJ
blízkosti,0,group_9,NOUN
.,0,group_9,PUNCT
Na,1,group_9,ADP
severozápad,0,group_9,NOUN
tak,0,group_9,ADV
obchodníci,0,group_9,NOUN
z,1,group_9,ADP
Čech,0,group_9,PROPN
cestovali,0,group_9,VERB
po,0,group_9,ADP
Labi,0,group_9,PROPN
a,0,group_9,CCONJ
na,1,group_9,ADP
severovýchod,0,group_9,NOUN
po,0,group_9,ADP
Odře,0,group_9,PROPN
a,0,group_9,CCONJ
Visle,0,group_9,PROPN
až,0,group_9,PART
k,0,group_9,ADP
pobřeží,0,group_9,NOUN
Baltského,0,group_9,ADJ
moře,0,group_9,NOUN
.,0,group_9,PUNCT
Na,1,group_9,ADP
jihozápad,0,group_9,NOUN
zajížděli,0,group_9,VERB
proti,0,group_9,ADP
toku,0,group_9,NOUN
horního,0,group_9,ADJ
Dunaje,0,group_9,PROPN
až,0,group_9,PART
do,0,group_9,ADP
Würzburku,0,group_9,PROPN
a,0,group_9,CCONJ
Mohuče,0,group_9,PROPN
a,0,group_9,CCONJ
na,1,group_9,ADP
jihovýchod,0,group_9,NOUN
se,0,group_9,PRON
naopak,0,group_9,ADV
vypravovali,0,group_9,VERB
po,0,group_9,ADP
proudu,0,group_9,NOUN
Dunaje,0,group_9,PROPN
až,0,group_9,PART
k,0,group_9,ADP
Černému,0,group_9,ADJ
moři,0,group_9,NOUN
.,0,group_9,PUNCT
České,0,group_9,ADJ
výrobky,0,group_9,NOUN
",",0,group_9,PUNCT
především,0,group_9,ADV
už,0,group_9,ADV
uvedené,1,group_9,ADJ
suroviny,0,group_9,NOUN
a,0,group_9,CCONJ
polotovary,0,group_9,NOUN
(,0,group_9,PUNCT
vosk,0,group_9,NOUN
",",0,group_9,PUNCT
stříbro,0,group_9,NOUN
",",0,group_9,PUNCT
snad,0,group_9,PART
i,0,group_9,CCONJ
živý,0,group_9,ADJ
dobytek,0,group_9,NOUN
),0,group_9,PUNCT
směřovaly,0,group_9,VERB
do,0,group_9,ADP
všech,0,group_9,DET
těchto,0,group_9,DET
končin,0,group_9,NOUN
světa,0,group_9,NOUN
",",0,group_9,PUNCT
kam,0,group_9,ADV
se,0,group_9,PRON
také,0,group_9,ADV
dopravovali,0,group_9,VERB
už,0,group_9,ADV
uvedení,1,group_9,ADJ
otroci,0,group_9,NOUN
a,0,group_9,CCONJ
otrokyně,0,group_9,NOUN
.,0,group_9,PUNCT
Většina,0,group_9,NOUN
českého,0,group_9,ADJ
raženého,0,group_9,ADJ
stříbra,0,group_9,NOUN
desátého,0,group_9,ADJ
století,0,group_9,NOUN
směřovala,0,group_9,VERB
do,0,group_9,ADP
Pobaltí,0,group_9,PROPN
",",0,group_9,PUNCT
na,0,group_9,ADP
Gotland,0,group_9,PROPN
a,0,group_9,CCONJ
do,0,group_9,ADP
jižní,0,group_9,ADJ
Skandinávie,0,group_9,PROPN
.,0,group_9,PUNCT
Nevíme,0,group_9,VERB
",",0,group_9,PUNCT
co,0,group_9,PRON
tam,0,group_9,ADV
za,1,group_9,ADP
ně,0,group_9,PRON
čeští,0,group_9,ADJ
exportéři,0,group_9,NOUN
nakupovali,0,group_9,VERB
;,0,group_9,PUNCT
můžeme,0,group_9,VERB
si,0,group_9,PRON
představovat,0,group_9,VERB
různé,0,group_9,ADJ
druhy,0,group_9,NOUN
orientálního,0,group_9,ADJ
zboží,0,group_9,NOUN
",",0,group_9,PUNCT
jichž,0,group_9,PRON
bylo,0,group_9,AUX
na,1,group_9,ADP
pobaltských,0,group_9,ADJ
trzích,1,group_9,NOUN
dost,0,group_9,ADV
a,0,group_9,CCONJ
dost,0,group_9,ADV
.,0,group_9,PUNCT
Při,1,group_9,ADP
výskytu,0,group_9,NOUN
tisíců,0,group_9,NUM
kusů,0,group_9,NOUN
českých,0,group_9,ADJ
mincí,0,group_9,NOUN
nám,0,group_9,PRON
však,0,group_9,CCONJ
přece,0,group_9,PART
jen,0,group_9,PART
ekvivalent,0,group_9,NOUN
těchto,0,group_9,DET
investic,0,group_9,NOUN
v,0,group_9,ADP
českých,0,group_9,ADJ
zemích,0,group_9,NOUN
chybí,0,group_9,VERB
.,0,group_9,PUNCT
Nelze,0,group_9,VERB
proto,0,group_9,CCONJ
vyloučit,1,group_9,VERB
",",1,group_9,PUNCT
že,0,group_9,SCONJ
u,1,group_9,ADP
těchto,0,group_9,DET
peněz,0,group_9,NOUN
nešlo,1,group_9,VERB
o,1,group_9,ADP
platby,0,group_9,NOUN
za,1,group_9,ADP
zboží,0,group_9,NOUN
",",0,group_9,PUNCT
ale,0,group_9,CCONJ
spíše,0,group_9,PART
za,1,group_9,ADP
služby,0,group_9,NOUN
",",0,group_9,PUNCT
a,0,group_9,CCONJ
zde,0,group_9,ADV
už,0,group_9,ADV
si,0,group_9,PRON
můžeme,0,group_9,VERB
představovat,0,group_9,VERB
rozsáhlé,0,group_9,ADJ
přemyslovské,0,group_9,ADJ
„,0,group_9,PUNCT
náborové,0,group_9,ADJ
akce,0,group_9,NOUN
“,0,group_9,PUNCT
mezi,1,group_9,ADP
nezaměstnanými,0,group_9,ADJ
vikingy,0,group_9,NOUN
obou,0,group_9,NUM
břehů,0,group_9,NOUN
Baltského,0,group_9,ADJ
moře,0,group_9,NOUN
.,0,group_9,PUNCT
Vzhledem,0,group_9,ADP
k,1,group_9,ADP
tomu,0,group_9,DET
",",0,group_9,PUNCT
že,0,group_9,SCONJ
víme,0,group_9,VERB
jistě,0,group_9,ADV
",",0,group_9,PUNCT
že,0,group_9,SCONJ
v,1,group_9,ADP
družinách,0,group_9,NOUN
členů,0,group_9,NOUN
přemyslovského,0,group_9,ADJ
rodu,0,group_9,NOUN
skandinávští,0,group_9,ADJ
bojovníci,0,group_9,NOUN
sloužili,1,group_9,VERB
",",1,group_9,PUNCT
je,0,group_9,AUX
možné,0,group_9,ADJ
",",0,group_9,PUNCT
že,0,group_9,SCONJ
tyto,0,group_9,DET
nálezy,0,group_9,NOUN
zachycují,1,group_9,VERB
úspory,0,group_9,NOUN
ze,1,group_9,ADP
žoldu,0,group_9,NOUN
",",0,group_9,PUNCT
který,0,group_9,DET
přemyslovská,0,group_9,ADJ
správa,0,group_9,NOUN
najatým,0,group_9,ADJ
válečníkům,0,group_9,NOUN
platila,1,group_9,VERB
.,1,group_9,PUNCT
