word,label
Když,0
po,1
představení,0
vyšel,0
"ven,",0
byla,0
už,0
tma.,0
Na,1
rohu,1
Spálené,0
ulice,0
uviděl,0
dva,0
muže,0
v,0
zakrvácených,0
gumových,0
zástěrách,0
prodávající,0
"kapry,",0
voda,0
ze,0
žlutých,0
kádí,0
přetékala,0
přes,0
okraj,0
na,0
"chodník,",0
kde,0
přimrzala.,0
Obchody,0
už,0
pomalu,1
"zavíraly,",1
ale,0
na,1
Staroměstském,0
náměstí,0
bylo,0
dosud,0
rušno:,0
vyhrávaly,0
tu,0
koledy,0
a,0
pod,0
vysokou,0
rozzářenou,1
jedlí,0
stála,0
realistická,0
maketa,0
chléva,0
s,0
"opravdovými,",0
živými,0
"zvířaty,",0
která,0
si,0
kolemjdoucí,0
děti,0
mohly,0
pohladit.,0
Oskar,0
u,0
jednoho,0
z,1
početných,0
stánků,0
vypil,0
dva,0
kelímky,0
svařeného,0
vína,0
a,0
vydal,1
se,0
domů.,0
Když,0
ve,1
své,1
čtvrti,0
vystupoval,0
z,0
"tramvaje,",0
všiml,0
si,0
"drobné,",0
nepříliš,0
hezké,0
mladé,0
"ženy,",0
prodávající,0
na,1
téměř,0
liduprázdném,0
náměstí,0
vánoční,0
"stromky,",0
vypadala,0
v,0
té,0
své,0
dřevěné,0
ohrádce,0
tak,0
promrzle,0
a,0
"osaměle,",0
až,1
jí,0
Oskarovi,0
přišlo,1
líto.,0
Od,1
rozvodu,0
si,0
vánoční,0
stromek,0
nekoupil,0
ani,0
"jedenkrát,",0
ale,0
nyní,0
ho,0
vypité,0
víno,0
a,0
možná,0
i,0
jakýsi,0
neurčitý,0
chvilkový,0
sentiment,0
přiměly,0
udělat,1
výjimku.,0
Nebyl,0
si,0
sice,0
"jistý,",0
jestli,0
se,0
dokáže,0
na,1
prodavačku,0
aspoň,0
trochu,0
usmívat,0
ale,0
podařilo,0
se,0
mu,0
to.,0
„Dobrý,1
"večer,”",0
promluvil.,0
„Nějaký,0
malý,0
prosím,0
vás.”,0
"Vědomí,",0
že,0
dělá,0
"dobrý,",0
ne-li,0
přímo,1
křesťanský,0
skutek,0
mu,0
dokonce,0
přineslo,1
jisté,1
malé,1
sebeuspokojení.,0
„Smrček?”,0
zeptala,0
se.,0
Podpora,1
reformních,0
procesů,0
a,0
plnění,1
existujících,0
nařízení,0
posune,1
proces,0
vstupu,1
Turecka,0
"dopředu,",1
směrem,1
k,1
výhodám,0
pro,0
všechny,0
obyvatele,0
Turecka.,0
Přesto,0
závisí,0
pokrok,0
v,1
procesu,0
přistoupení,1
v,1
podstatné,0
míře,0
a,0
především,0
na,1
chování,1
Turecka.,0
člen,0
Komise.,0
Vážený,0
pane,0
"předsedo,",0
dovolte,0
mi,0
v,1
první,0
řadě,1
poblahopřát,0
pani,0
Oomenové-Ruijtenové,0
k,1
její,0
výstižné,0
zprávě,0
a,0
k,1
"návrhu,",0
který,0
je,0
důkladný,0
a,0
zároveň,0
spravedlivý.,0
Začátkem,0
tohoto,0
roku,0
prošlo,1
Turecko,0
velmi,0
náročným,0
obdobím,0
vážné,1
ústavní,0
krize,0
a,0
politického,0
napětí.,1
I,0
přes,1
tento,0
složitý,0
problém,0
uskutečnilo,1
Turecko,0
své,1
parlamentní,0
a,0
prezidentské,0
volby,0
v,1
duchu,1
demokratických,0
zásad,0
a,0
s,1
velmi,0
vysokou,1
účastí,0
obyvatelstva.,0
"Sháněl,",0
zabíjel,0
a,0
smažil,0
"kapry,",0
kupoval,0
a,0
zdobil,0
"stromek,",0
pečlivě,0
balil,0
dárky,0
a,0
k,1
večeři,0
se,0
převlékal,0
do,0
slavnostního.,0
Všechny,0
ty,0
obvyklé,0
věci.,0
Když,0
se,0
před,1
třemi,0
lety,0
"rozvedl,",0
Vánoce,0
pro,0
něho,0
prakticky,0
ztratily,1
smysl.,0
Také,0
letošní,0
svátky,0
klidu,0
a,0
míru,0
byly,0
jen,0
nepříjemnou,0
připomínkou,0
"skutečnosti,",0
že,0
bez,0
rodiny,0
není,0
jaksi,0
co,0
oslavovat.,0
Oskar,0
sice,0
zrovna,0
chodil,1
s,0
jistou,0
mladou,0
"dívkou,",0
ale,0
tu,0
tak,0
často,0
přesvědčoval,0
o,0
své,0
potřebě,0
samoty,0
a,0
"nezávislosti,",0
že,0
ji,0
po,0
pravdě,0
řečeno,0
vůbec,0
"nenapadlo,",1
aby,0
na,1
Vánoce,0
zůstala,0
s,0
"ním,",0
a,0
odjela,0
na,1
čtrnáct,0
dní,0
k,0
rodičům,0
na,1
Moravu.,0
Kdyby,0
"mohl,",0
nejradši,0
by,0
se,0
na,1
celý,0
ty,0
slavný,1
Vánoce,0
"vykašlal,",1
říkal,0
si,0
Oskar -,0
jenže,0
nemohl.,0
Jednak,0
tu,1
byli,0
rodiče,0
a,0
ostatní,0
"příbuzní,",0
a,0
pak,0
tu,1
byl,0
jeho,0
syn.,0
Především,0
kvůli,0
němu,0
Oskar,0
tradici,0
"Vánoc,",0
tu,0
poloviční,0
"mrtvolu,",1
každoročně,0
s,1
odporem,0
resuscitoval:,1
za,0
jediné,0
odpoledne,0
nakoupil,0
"dárky,",0
uklidil,0
jakž,0
takž,0
"byt,",0
koupil,0
pár,0
smrkových,0
"větví,",0
strčil,0
je,0
do,0
"vázy,",0
vyštrachal,0
několik,0
zaprášených,0
ozdob,0
a,0
dvě,0
tři,0
použitelné,0
svíčky,0
a,0
bylo,0
to.,0
Syna,0
(v,1
listopadu,0
mu,0
bylo,0
sedm),0
mu,0
tentokrát,0
bývalá,0
manželka,0
přivezla,0
už,0
osmnáctého,0
prosince,0
"ráno,",0
zítra,0
v,1
poledne,0
si,0
ho,0
"vyzvedne,",1
oznámila,0
mu.,0
"„Dobře,”",0
řekl,0
Oskar,0
co,0
možná,0
klidně.,0
Později,0
to,0
prý,0
"nejde,",0
odjíždějí,0
na,1
"hory,",0
dostalo,0
se,0
mu,0
vysvětlení.,0
Oskar,0
lhostejně,0
přikývl.,0
Takže,0
letos,0
bude,0
Štědrý,0
den,0
už,0
osmnáctého.,0
Příští,0
rok,0
možná,0
už,0
devátého…,0
Ale,0
"co,",0
pomyslel,0
si,0
v,1
"duchu,",1
pokud,0
jde,1
o,0
"něj,",0
může,0
ty,0
podělaný,1
Vánoce,0
slavit,0
třeba,0
v,1
červenci.,0
Jemu,0
je,0
to,0
jedno.,1
„Hezký,0
"Vánoce,”",0
popřála,0
mu,0
"exmanželka,",0
přibouchla,0
dveře,0
od,0
auta,0
a,0
odjela.,0
Sli,0
se,0
synem,0
do,0
"kina,",0
po,0
filmu,0
si,0
dali,0
v,0
pizzerii,0
oběd,0
a,0
nakonec,0
se,0
stavili,0
doma,0
pro,0
kapra.,0
Oskar,0
ho,0
opatrně,0
vyndal,0
z,0
"vany,",0
zabalil,0
ho,0
do,0
mokré,0
utěrky,0
a,0
uložil,0
do,0
igelitové,0
tašky.,0
Potom,0
šli,0
k,0
"Vltavě,",0
aby,0
ho,0
pustili,0
na,1
svobodu -,0
tuhle,0
sentimentální,0
kravinu,0
podstupoval,0
Oskar,0
obzvláště,0
"nerad,",0
ale,0
kvůli,0
synovi,0
se,0
každý,0
rok,0
nakonec,0
vždycky,0
přemohl.,1
Cestou,0
se,0
koulovali,0
špinavým,0
městským,0
"sněhem,",0
nahlíželi,0
do,0
osvětlených,0
výloh,0
přecpaných,0
obchodů,0
a,0
v,0
jednom,0
z,0
nich,0
společně,0
vybrali,0
dárek,0
mámě.,0
Než,0
dorazili,0
k,0
"řece,",0
setmělo,0
se.,0
Nábřeží,0
bylo,0
mizerně,0
osvětlené,0
a,0
Oskar,0
se,0
"bál,",0
aby,0
syn,0
nespadl,0
do,0
vody.,0
Vybalil,0
"kapra,",0
volnou,0
rukou,0
objal,0
chlapce,0
kolem,0
pasu,0
a,0
společně,0
se,0
naklonili,0
nad,0
černou,0
hladinu.,0
„Milý,0
"kapříku,",0
přejeme,0
"ti,",0
aby,0
ses,0
tu,0
měl,0
moc,0
krásně,0
a,0
našel,0
sis,0
tu,0
nové,0
"kamarády,”",0
popřál,0
rybě,0
s,0
dojemnou,0
vážností,0
syn.,0
„Tak,0
tě,0
pic,0
a,0
děkuj,0
"bohu,",0
že,0
jsme,0
tě,0
"nesežrali,”",0
doplnil,0
Oskar.,0
Syn,0
se,0
"rozesmál,",0
ale,0
potom,0
už,0
ze,0
sebe,0
smích,0
křečovitě,0
"nutil,",0
což,0
byla,0
jedna,0
z,0
"věcí,",0
které,0
šly,1
Oskarovy,0
odjakživa,0
na,1
nervy.,1
"„Raz,",0
"dva,",0
tři!”,0
zvolal,0
a,0
s,0
okázalým,0
rozmachem,0
hodil,0
kapra,0
do,0
vody.,0
„Tak,0
plav,0
a,0
bud,0
"rád,",0
že,0
jsme,0
tě,0
nesežrali!”,0
vykřikl,0
syn.,0
Ryba,0
se,0
potopila,0
a,0
hned,0
vzápětí,0
zase,0
"vynořila,",0
avšak,0
namísto,0
očekávaného,0
"bystrého,",0
ne-li,0
přímo,0
vděčného,0
švihnutí,0
ocasní,0
ploutví,0
se,0
"pomalu,",0
ale,0
nezadržitelně,0
otočila,0
světlým,0
břichem,0
vzhůru.,0
Dítě,0
okamžitě,0
zvážnělo,0
a,0
nervózně,0
vzhlédlo,0
k,0
otci.,0
„Není,0
"mrtvej,",0
že,0
ne?”,0
tázalo,0
se,0
s,1
úzkostí,0
v,1
hlase.,0
Oskar,0
se,0
snažil,0
skrýt,1
paniku,0
a,0
s,1
předstíraným,0
klidem,0
se,0
"díval,",0
jak,0
ledový,0
černý,0
proud,0
unáší,0
nehybné,0
rybí,0
tělo,0
kamsi,0
k,0
pilířům,0
železničního,0
mostu.,0
"„Neboj,",0
bude,0
v,1
"pohodě,”",0
ujistil,0
syna.,0
„Za,1
chvíli,0
se,0
vzpamatuje.”,0
"„Určitě,",0
tati?”,0
řekl,0
chlapec,0
a,0
zajíkl,0
se.,0
„Určitě,0
se,0
vzpamatuje?”,0
Oskar,0
jeho,0
pohled,0
nedokázal,0
snést.,1
„Určitě.,0
Vždycky,0
pár,0
vteřin,0
"trvá,",0
než,0
se,0
mu,0
zase,0
okysličí,0
krev.”,0
"„Přísahej,”",0
žádal,0
ho,0
syn.,0
V,0
jeho,0
očích,0
byly,0
slzy.,0
Oskar,0
k,0
němu,0
přiklekl,0
a,0
uchopil,0
ho,0
za,0
ramena.,0
„Přísahám,0
"ti,",0
že,0
se,0
za,1
chvíli,0
vzpamatuje!”,0
řekl,0
s,0
maximální,0
možnou,0
přesvědčivostí.,0
V,1
duchu,1
se,0
"modlil,",0
aby,0
toho,0
leklýho,0
chcípáka,0
konečně,0
ztratili,0
z,0
dohledu.,0
Ani,0
večer,0
se,0
příliš,0
nepovedl.,0
a,0
co,0
Nikolka,0
kdyžs,0
jí,0
to,0
"dala,",0
"říká,",0
já,0
takový,0
doma,0
mám.,0
já.1,0
říkám.,0
jo.,0
přesně.,0
"ano,",0
a.1,0
já.2,0
sem,0
jí.1,0
a.2,0
už,0
předtým,0
sem.1,0
jí.2,0
říkala.,0
já.3,0
sem.2,0
ti,0
kúpila,0
takový.1,0
oranžový,0
nátělníček,0
a.,0
ona,0
"říká,.1",0
já.4,0
sem.3,0
si,0
na,1
to.1,0
akorát,0
myslela.,0
že,0
bych,0
od,1
tebe,0
mohla,0
dostat,0
neco,0
"oranžového,",0
ne,0
ju,0
nekdy,0
fakt,0
napadne,1
ona.1,0
má,0
takové,0
jakože,0
hlášky.,1
že.1,0
to.2,0
to.3,0
bys.,0
jako,0
ona.2,0
zkouší,0
no.,0
ale,0
má.1,0
doma.1,0
ňáký,0
oranžový.1,0
ale.1,0
mmm,0
ne.1,0
šatičky,0
jako.1,0
má.2,0
enom,0
ňáké,0
tričko.,0
má.3,0
tričko,0
oranžové,0
to.4,0
vlastně,0
dostala,0
ode,1
"mě,",0
jedno.,0
pak,0
má.4,0
eště,0
druhé,0
"ňáké,",0
ale.2,0
jako.2,0
šatičky.1,0
oranžové.1,0
nemá.,0
ale.3,0
tak,0
to.5,0
ona.3,0
všechno,0
pláce,1
dohromady-,0
ale.4,0
ne.2,0
šak,0
to.6,0
je,0
takový.2,0
nátělník.,0
"ale,",0
a.3,0
tož,0
tak.1,0
no..1,0
tak.2,0
sem.4,0
ale.5,0
já.5,0
sem.5,0
tento,0
týden,0
neměla,0
čas,0
"to,",0
já.6,0
sem.6,0
si.1,0
myslela,0
že.2,0
to.7,0
tam,0
bude,0
že.3,0
to.8,0
přešiju.,0
enomže,0
"sem,",0
jezdila,0
do,0
toho,0
"Kyjova,",0
pracovně.,0
takže,0
to.9,0
já.7,0
nemám,0
"čas,",0
já.8,0
dyž,0
su,0
v,0
Kyjově,0
tak.3,0
dojedu,0
dom,0
o,1
půl,0
"šesté,",0
fakt?,0
"ano,.1",0
já.9,0
"jedu,",0
eee.,0
tam.1,0
je.1,0
totiž,0
pracovní,0
doba,0
od.1,1
osmi,0
do.1,1
"čtyřech,",0
otevřené,1
je.2,0
tam.2,0
od.2,1
osmi.1,0
do.2,1
čtyř.,0
takže.1,0
já.,0
vyjedu,1
v.1,1
"sedum,",0
ráno,0
z,0
Veselí.,0
ve,1
štyři,0
"zavírám,",1
a.4,0
šesnác,0
třicet,0
pět,0
mně,0
jede,0
"vlak,",0
takže.2,0
je.3,0
až,0
po,1
páté,0
ve.1,0
Veselí,0
a.5,0
já.10,0
fakt.1,0
dojdu,0
dom.1,0
o.1,1
půl.1,0
"šesté,.1",0
ty,0
jo,0
a.6,0
v.2,1
kolik,0
vycház*,0
v.3,1
kolik.1,0
vstáváš,0
"ráno,",0
eee..1,0
v.4,1
šest,0
hmm,0
"jo,",0
"takže,",0
vidíš.,1
jako.,0
v.5,0
Kyjově.1,0
zas,0
odpočívám,0
teda,0
tam.3,0
nikdo,0
"nechodí,",1
ale.6,0
"tož,",0
je.4,0
to.10,0
tam.,0
nadlúho.,0
a.7,0
nechodí,1
tam.4,0
moc,0
lidí,0
jako?,0
tam.5,0
nechodí.,1
tam.6,0
fakt.2,0
třeba,0
je.5,0
deset,0
lidí.1,0
za,1
"den,",0
a.8,0
ve.2,0
Veselí.1,0
víc.,0
"jako,",0
no,0
ve.3,0
Veselí.2,0
jeden,0
za.1,1
"druhým,",0
a.9,0
jakto?,0
jak.,0
tož.1,0
v.6,0
Kyjově.2,0
"máme,",0
tisíc,0
pojištěnců,0
u,1
nasí,0
u.1,1
naší,0
"pojišťovny,",0
a.10,0
ve.4,0
Veselí.3,0
přes,1
šest.1,0
"tisíc,",0
takže.3,0
vlastně.1,0
logicky,0
k,1
nám,0
chodí,1
šestkrát,0
tolik,0
"lidí,",0
takže.4,0
dyž.1,0
do.3,0
Kyjova,0
dojde,1
deset.1,0
tak.4,0
k.1,1
nám.1,0
šedesát,0
"že,",0
a.11,0
jaktože,0
je.6,0
tady,0
toli*,0
o.2,1
tolik.1,0
víc,0
jako?.1,0
tož.2,0
"protože,",0
tady.1,0
byly,0
"železárny,",0
a.12,0
vlasně,0
to.11,0
dyž.2,0
"začalo,",0
tak.5,0
"eee,",0
závodní,0
doktor,0
z.1,1
železáren,0
"všecky,",0
posílal,0
k.2,1
nas*,0
k.3,1
naší.1,0
pojišťovně,0
zdravotní.,0
takže.5,0
to.12,0
bylo,0
"tak,",0
aha.,0
tak.6,0
to.13,0
je.7,0
dobré,0
ne?,0
tož.3,0
ba,0
"jasně,",0
to.14,0
je.8,0
"výborné,",0
takže.6,0
tak.7,0
tak.8,0
tak.9,0
tak.10,0
sem.7,1
si.2,1
říkala,1
jak,0
bude.1,0
o.3,1
víkendu,0
krásně.,0
že.4,0
pojedeme,0
do.4,0
"Luhačovic,",0
na.1,1
to.15,0
otvírání,1
pramenů,0
a.13,0
nic,0
nic.,0
A,0
kdy,0
to.16,0
mělo,0
"byt,",0
to.17,0
to.18,0
bylo.1,0
dnes.,0
no.1,0
ale.7,0
nevim,0
jak.1,0
jim,0
to.19,0
vyšlo.,1
prtože,0
tam.7,0
"bylo,",0
od.3,1
jedné,0
hodiny,0
tam.8,0
byl,0
"jarmak,",0
v.7,0
té,0
nádražní,0
ulici,0
ale.8,0
my,0
sme,0
tam.9,0
nikdy,0
nebyli,0
ani,0
s,0
taťkou,0
tak.11,0
já.11,0
nevím,0
jak.2,0
to.20,0
tam.10,0
"vypadá,",0
ale.9,0
od.4,1
jedné.1,0
hodiny.1,0
jarmak,0
a.14,0
teďka,0
nevím.1,0
jesi,0
eee,0
od.5,1
odpoledne,0
prostě,0
tam.11,0
výstava,0
veteránů,0
aut,0
a.15,0
eee.1,0
kol,1
a.16,0
veteráni,0
cyk*,0
cyklisti,0
tam.12,0
ňákou,0
jízdu,0
na.2,0
tom,0
lázeňském,0
náměstí,0
u.2,0
Jurkovičového,0
domu,0
a.17,0
tak.12,0
sem.8,0
si.3,0
právě,0
tak.13,0
naplánovala,0
že.5,0
pěkně.,0
dyž.3,0
"bude,",0
krásně,0
tak.14,0
si.4,0
dám.,0
dlúhú,0
"sukňu,",0
"klobouk,",0
háčkované,0
"rukavičky,",0
Nikolce,0
"taky,",0
"šatičky,",0
"klobouček,",0
a.18,0
ty.1,0
pro,0
ňu,0
máš,0
jako.3,0
ňáké.1,0
šatičky.2,0
aj.,0
no.2,0
jo?,0
no.3,0
mám..1,0
dyby,0
bylo.2,0
teplo,0
tak.15,0
sem.9,0
měla,0
naplánované,0
eee.2,0
no..2,0
takové.1,0
šaty,0
jako.4,0
co.1,0
by,0
měla.1,0
dlúhé,0
jesi.1,0
by.1,0
jo.1,0
do.5,1
toho.1,0
chtěla,0
"jít,",1
jo.2,0
"pane,",0
jo.3,0
a.19,0
tak.16,0
to.21,0
v.8,1
létě,0
že.6,0
jo.4,0
až.1,0
bude.2,0
třeba.1,0
aj,0
ňáká,0
akce,0
to.22,0
jako.5,0
ani.1,0
nemusí,0
být,0
akce.,0
že.7,0
jo.5,0
když,0
se,0
tak.17,0
oblečete.,0
šak.1,0
nemusí.1,0
to.23,0
možem,0
jít,0
aj.1,0
do.6,0
Veselí.4,0
do.7,0
cukrárny.,0
"no,",0
"no,.1",0
hledět,0
a.20,0
že.8,0
ten,0
klobouček,0
ten.1,0
si.5,0
zkoušela,0
teďka.1,0
dneska.,0
jo.6,0
no.4,0
on,0
je.9,0
"trošku,",0
možná,0
by.2,0
ho,0
chtělo,0
trošku,0
namočit.,0
Jako,0
a.21,0
eee.3,0
natahnút,0
na.3,0
neco.1,0
vlhký.,0
aby,0
uschl,0
roztahlý.,0
mně.1,0
se.1,1
zdá,1
že.9,0
by.3,0
mohl,0
být.1,0
trošk*,0
jako.6,0
"volnější,",0
že.10,0
že.11,0
je.10,0
jí.3,0
trochu,0
malý,0
"jako,.1",0
ale.10,0
to.24,0
by.4,0
se.2,0
dalo,0
roztahnút,0
vlhké,0
dyby.1,0
to.25,0
bylo.,0
Po,1
dvaceti,0
letech,0
konečně,0
vidíme,0
na,0
konci,0
dlouhého,0
a,0
vysilujícího,1
tunelu,1
první,0
paprsky,1
světla.,1
Jak,0
upozorňoval,0
pan,0
poslanec,0
Milana,0
a,0
"další,",0
ještě,0
mnoho,0
toho,0
zbývá,0
"udělat,",0
ale,0
mnozí,0
z,0
nás,0
se,0
připravovali,0
na,1
nejhorší,0
a,0
"očekávali,",0
že,0
znovu,0
propukne,0
občanská,0
válka.,0
Blahopřeji,0
proto,0
severu,0
i,0
jihu,0
země,0
k,1
prvním,0
výsledkům,0
tohoto,0
referenda,0
Až,1
do,1
vyhlášení,1
nezávislosti,0
záleží,0
na,1
každém,0
dni.,0
Nikdo,0
si,0
nemůže,0
dovolit,0
udělat,0
chybný,1
"krok,",1
ani,0
v,0
"Chartúmu,",0
ani,0
v,0
"Jubě,",0
ani,0
v,0
Bruselu,0
nebo,0
v,0
Africké,0
unii,0
v,0
Addis,0
Abebě.,0
Například,0
je,0
určitě,0
zapotřebí,0
uvítat,1
myšlenku,0
otevřít,1
delegaci,0
EU,0
se,0
zvláštním,0
"statusem,",0
dokud,0
nebude,0
skutečně,0
vyhlášena,1
nezávislost.,0
Súdán,1
se,0
chystá,1
"nám,",0
mezinárodnímu,0
"společenství,",0
pěkně,1
spočítat,1
cynismus,0
a,0
"krize,",0
které,0
mnohdy,0
spíše,0
z,1
rezignace,0
než,0
jiného,0
důvodu,0
považujeme,0
za,1
neřešitelné.,0
Pane,0
"předsedající,",0
"vítám,",1
že,0
jižní,0
Súdán,0
bude,0
"nezávislý,",0
a,0
blahopřeji,0
obyvatelům,0
jižního,0
Súdánu,0
k,1
"tomu,",0
že,0
toho,0
dosáhli.,1
Jak,0
před,1
chvílí,0
řekl,0
pan,0
kolega,0
poslanec,0
"Goerens,",0
jenž,0
byl,0
tak,0
laskav,0
a,0
obrátil,1
se,0
při,1
této,0
příležitosti,0
na,1
"mne,",0
lidé,0
mohou,0
mít,1
právo,0
na,1
"to,",0
aby,0
nemuseli,0
žít,0
podle,1
práva,0
šaría.,0
Jejich,0
právo,0
musíme,0
ctít.,0
Musím,0
nicméně,0
také,0
"podotknout,",0
že,0
jen,0
někteří,0
mají,1
to,0
"štěstí,",0
že,0
dostanou,1
možnost,0
získat,1
právo,0
na,1
takovou,0
svobodu.,0
Obyvatelé,0
nedalekého,0
Somálijska,0
tuto,0
možnost,0
nemají.,1
Přál,0
bych,0
"si,",0
abychom,0
přehodnotili,1
naši,0
"politiku,",0
která,0
se,0
až,1
dosud,0
vyznačovala,1
"tím,",0
že,0
jsme,0
neuznávali,0
úsilí,0
obyvatel,0
Somálijské,0
"republiky,",0
kteří,0
v,0
této,0
oblasti,0
vytvořili,0
nezávislý,0
a,0
demokratický,0
muslimský,0
"stát,",0
k,1
němuž,0
se,0
však,0
"chováme,",0
jako,0
by,0
neexistoval.,1
Pane,0
"předsedající,",0
co,0
se,0
týče,0
jižního,0
"Súdánu,",0
chtěl,0
bych,0
se,0
také,0
dotknout,1
stavu,0
této,0
země.,0
Jižní,0
Súdán,0
je,0
stále,0
nejchudší,0
zemí,0
v,0
"Africe,",0
a,0
to,0
i,0
navzdory,0
"tomu,",0
že,0
v,1
posledních,0
pěti,0
letech,0
mohl,1
využívat,1
přístupu,1
k,1
polovině,0
ropných,0
zdrojů,0
celého,0
Súdánu.,0
Vidím,1
zde,1
do,1
očí,1
bijící,1
"zaostalost,",0
která,0
byla,0
dosud,0
dána,0
přehlížením,0
a,0
nezájmem,0
ze,1
strany,1
Chartúmu.,0
Byl,0
bych,0
však,0
"rád,",0
kdyby,0
Evropská,0
unie,0
od,1
nynějška,0
kladla,1
důraz,0
na,1
"to,",0
že,0
tato,0
země,0
potřebuje,1
správu,0
a,0
"rozvoj,",0
a,0
nepomáhala,0
financovat,0
"zaostalost,",0
která,0
se,0
tak,0
snadno,0
může,0
v,1
budoucnu,0
v,0
jižním,0
Súdánu,0
rozmoci.,0
Pane,0
"předsedající,",0
v,1
dnešní,0
rozpravě,0
bychom,0
měli,0
odolat,1
pokušení,1
přehnaného,0
optimismu.,0
Předpovědi,0
dalšího,0
dění,0
v,0
Súdánu,0
jsou,0
jen,0
věštěním,1
z,1
křišťálové,1
koule.,1
I,0
přes,1
všechny,0
"naděje,",0
které,0
vzkřísilo,1
nedávné,0
"referendum,",0
bychom,0
neměli,0
"předpokládat,",0
že,0
tato,0
záležitost,0
je,0
již,0
vyřešena.,0
To,0
zdaleka,0
není,0
1.0,0
a,0
nikdo,0
zatím,0
"neví,",0
zda,0
bude,0
země,0
v,1
souladu,1
s,1
vůlí,0
obyvatelstva,0
jihu,0
rozdělena.,0
Další,0
problém,0
spočívá,1
v,1
"tom,",0
že,0
jižní,0
část,0
země,0
v,1
současnosti,0
sjednocuje,1
odpor,0
k,1
muslimskému,0
severu.,0
Až,0
tato,0
zášť,0
vyprchá,1
a,0
nadejde,1
čas,0
budovat,1
státní,0
"instituce,",0
hned,0
bude,0
patrná,0
křehká,1
rovnováha,0
mezi,1
třemi,0
kulturně,0
a,0
jazykově,0
odlišnými,0
kmeny.,0
Tato,0
otázka,1
bude,0
mít,1
velký,0
význam,0
a,0
měli,0
bychom,0
jí,0
již,0
teď,0
věnovat,1
pozornost.,0
Další,0
"otázka,",0
kterou,0
si,0
musíme,0
položit,1
a,0
najít,1
na,1
ni,0
"odpověď,",0
zní,1
takto:,0
proč,0
je,0
nyní,0
reálná,0
naděje,0
na,1
mírové,0
ukončení,0
"konfliktu,",0
který,0
trval,0
půl,0
století?,0
Odpověď,0
je,0
zřejmá:,0
kvůli,0
ropě.,0
Velké,0
zahraniční,0
"podniky,",0
bez,0
nichž,0
taková,0
chudá,0
země,0
není,0
schopna,1
těžit,0
"ropu,",0
a,0
představitelé,0
obou,0
částí,0
země,0
zavětřili,1
vůni,1
petrodolarů.,0
"Doufejme,",0
že,0
nás,0
nezaslepí,1
chamtivost,0
a,0
že,0
naše,0
touha,0
pomáhat,0
postačí,0
nejen,0
na,1
"to,",0
abychom,0
poskytovali,0
finanční,0
prostředky,0
na,1
budování,1
"státu,",0
ale,0
dovolí,1
nám,0
také,0
realizovat,0
"programy,",0
z,1
nichž,0
bude,0
mít,0
prospěch,0
společnost.,0
Pane,0
"předsedající,",0
před,1
referendem,0
jsme,0
měli,1
velké,0
obavy,0
z,1
průvodních,0
nepokojů,0
a,0
jsem,0
"ráda,",0
že,0
referendum,0
proběhlo,1
pokojně,0
a,0
bylo,0
platné.,0
Je,0
však,0
nutné,0
"zajistit,",0
jak,0
řekla,0
baronka,0
"Ashtonová,",0
aby,0
se,0
konalo,0
dodatečné,0
řádné,0
referendum,0
v,0
"Abyei,",0
ale,0
také,0
v,0
"oblasti,",0
v,0
níž,0
se,0
nachází,0
ropa.,0
Pozorovatelská,0
mise,0
Evropského,0
parlamentu,0
bude,0
zapotřebí,0
i,0
při,1
tomto,0
dodatečném,0
hlasování.,0
I,0
po,1
vyhlášení,1
nezávislosti,0
zůstane,0
jižní,0
Súdán,0
jednou,0
z,1
nejchudších,0
zemí,0
na,1
světě.,0
V,0
oblasti,0
působí,1
mnohé,0
slovenské,0
nevládní,0
organizace,0
a,0
je,0
"důležité,",0
aby,0
měly,0
potřebné,0
podmínky,0
pro,1
svou,0
práci.,0
Kdyby,0
někdo,0
uspořádal,1
atletické,0
přebory,0
mezi,1
"opicemi,",0
sešla,1
by,1
se,1
na,0
stupních,1
vítězů,0
různých,0
disciplín,0
docela,0
pestrá,1
škála,1
druhů.,0
Většina,0
opic,0
„trénuje“,1
jen,0
jednu,0
disciplínu.,0
Někteří,0
opičí,0
atleti,1
jsou,0
např.,0
výborní,0
"sprinteři,",1
ale,0
skoky,0
do,1
dálky,0
či,0
plavání,0
jim,0
moc,0
nejde.,0
Každý,0
druh,0
totiž,0
trénuje,1
jen,0
"to,",0
co,0
ve,0
svém,0
prostředí,0
nutně,0
potřebuje,0
k,1
přežití.,0
V,1
tom,0
pak,0
ale,0
dosahuje,1
vynikajících,0
výsledků.,0
Sprintem,0
do,1
bezpečí.,0
Za,1
královskou,1
disciplínu,0
se,0
v,1
atletice,0
považuje,0
sprint.,0
I,0
když,0
by,0
se,1
mohlo,0
"zdát,",1
že,0
převážně,0
stromové,0
opice,0
moc,0
dobří,0
běžci,0
"nebudou,",0
opak,0
je,0
pravdou.,0
V,0
savanách,0
subsaharské,0
Afriky,0
žije,1
"kočkodan,",0
který,0
díky,0
svému,0
„kníru“,1
dostal,0
jméno,0
husarský,0
(Erythrocebus,0
patas).,0
V,0
jeho,0
domovině,0
moc,0
stromů,0
"neroste,",0
během,0
dne,0
se,0
proto,0
pohybuje,0
převážně,0
na,0
zemi,0
a,0
na,0
stromy,0
se,0
uchyluje,0
jen,0
na,1
noc.,0
Na,0
stromech,0
nehledá,0
ani,0
bezpečí,0
před,1
nepřáteli,0
a,0
dává,1
přednost,0
rychlému,0
útěku,0
po,0
zemi.,0
Dokáže,1
přitom,0
vyvinout,1
rychlost,0
až,0
55 km/hod.,0
Žádná,0
jiná,0
opice,0
tak,0
rychle,0
běhat,0
"neumí,",0
kočkodan,0
husarský,0
je,0
proto,0
držitelem,0
rychlostního,0
rekordu,0
opičích,0
atletů.,1
Rekord,0
bez,1
rozběhu.,0
Oblíbenou,0
disciplínou,0
mezi,1
opicemi,0
je,0
skok,0
do,1
dálky.,0
Málokterá,0
má,0
ale,0
tak,0
čistý,1
"styl,",0
jako,0
madagaskarský,0
indri,0
(Indri,0
indri).,0
Ten,0
se,0
odráží,0
jako,0
lidé,0
pouze,0
zadními,0
končetinami,0
a,0
během,0
skoku,0
drží,0
tělo,0
vzpřímeně.,0
Zadní,0
končetiny,0
má,0
mimořádně,0
"silné,",0
jejich,0
mohutný,0
odraz,0
ho,0
snadno,0
přenese,1
až,0
na,1
vzdálenost,0
10 m.,0
A,0
protože,0
se,0
tento,0
rekordní,0
výkon,1
odehrává,0
vysoko,0
v,0
korunách,1
"stromů,",0
kde,0
indri,0
překonává,1
vzdálenost,0
mezi,0
dvěma,0
"kmeny,",0
nemůže,0
se,0
rozběhnout.,0
Celý,0
ten,0
desetimetrový,0
skok,0
zvládne,0
odrazem,0
z,0
místa!,0
"Kdoví,",0
kam,0
až,0
by,0
"doskočil,",0
kdyby,0
skákal,0
s,1
rozběhem.,0
Neuvěřitelné,0
výkony,1
opic.,0
Posilování,0
s,0
kamenem.,0
Vzpěrač,0
musí,0
mít,0
nejen,0
silné,0
"paže,",0
ale,0
i,0
nohy,0
a,0
svalnatá,0
"záda,",0
s,1
jejichž,0
pomocí,0
zdvihá,0
zátěž,0
nad,0
hlavu.,0
Přesně,0
takto,0
vypadají,0
opičí,0
vzpěrači,1
malpy,0
pruhohřbeté,0
(Sapajus,0
libidinosus).,0
Až,0
na,1
drobný,0
rozdíl -,0
nevzpírají,0
"činky,",0
ale,0
kameny.,0
Živí,0
se,0
těmi,0
nejtvrdšími,0
"ořechy,",0
jaké,0
v,0
jihoamerické,0
džungli,0
"rostou,",0
a,0
jako,0
jediní,0
zdejší,0
obyvatelé,0
si,0
s,1
jejich,0
skořápkou,0
umí,0
poradit.,0
Malpa,0
si,0
ořech,0
položí,0
na,0
vystouplý,0
"kořen,",0
nad,0
hlavu,0
zvedne,0
co,0
nejtěžší,0
kámen,0
a,0
jeho,0
vahou,0
skořápku,0
rozbije.,0
Než,0
se,1
"naobědvá,",1
mnohokrát,0
tento,0
vzpěračský,0
výkon,1
zopakuje.,0
A,0
protože,0
si,0
nikdy,0
není,0
"jistá,",0
že,0
najde,0
vhodný,0
kámen,0
"pokaždé,",0
když,0
ho,0
"potřebuje,",0
posiluje,1
i,0
za,1
chůze -,0
pro,0
jistotu,0
si,0
ho,0
nosí,0
s,0
sebou.,0
Rybařící,1
opice.,0
Plavání,0
se,1
mnoho,0
opic,0
nevěnuje.,1
Plavecký,1
přeborník,1
makak,0
jávský,0
(Macaca,0
fascicularis),0
proto,0
nemá,0
velkou,0
konkurenci.,0
Navzdory,0
českému,0
jménu,0
nežije,1
jen,0
na,0
"Jávě,",0
obývá,0
všechny,0
indonéské,0
"ostrovy,",0
běžný,0
je,0
i,0
v,0
téměř,0
celé,0
Zadní,0
Indii.,0
Nejraději,0
má,0
hustě,0
zalesněné,0
břehy,0
řek,0
nebo,0
pobřežní,0
mangrovy.,0
Blízkost,0
vody,0
vyhledává,0
"záměrně,",0
je,0
vynikající,0
plavec,0
a,0
ve,0
vodě,0
nehledá,0
jen,0
"potravu,",0
ale,0
i,0
záchranu,0
před,1
predátory.,0
I,0
k,1
odpočinku,0
si,0
vybírá,0
"stromy,",0
jejichž,0
větve,0
sahají,1
nad,0
"hladinu,",0
aby,0
mohl,0
v,1
případě,0
nebezpečí,0
jen,0
seskočit,0
a,0
rychle,0
odplavat,0
pryč.,0
O,1
"tom,",0
jak,0
skvělý,0
je,0
"plavec,",0
svědčí,1
"to,",0
že,0
má,0
ve,1
svém,0
pestrém,1
jídelníčku,0
zařazeny,0
i,0
"ryby,",0
které,0
si,0
dovede,0
ve,0
vodě,0
sám,0
ulovit.,0
Bez,0
"udice,",0
jen,0
tak,0
rukama!,0
Vzdušní,0
akrobaté.,0
Nejoblíbenějším,0
opičím,0
sportem,1
je,0
sportovní,0
gymnastika.,0
Ale,0
výkony,1
některých,0
druhů,0
už,0
hraničí,0
se,1
vzdušnou,0
"akrobacií,",0
v,1
níž,0
jsou,0
jednoznačně,0
nejlepší,0
giboni,0
(čeleď,0
Hylobatidae).,0
Z,0
místa,0
na,0
místo,0
se,0
přemísťují,0
originálním,0
"způsobem,",0
při,0
němž,0
místo,0
nohou,0
používají,0
paže.,0
Jejich,0
"pohyb,",0
kdy,0
se,0
mohutným,0
zhoupnutím,0
a,0
švihem,0
paže,0
přemísťují,0
z,0
jedné,0
větve,0
na,0
"druhou,",0
se,0
odborně,0
jmenuje,0
brachiace,0
a,0
gibboni,0
v,1
něm,0
překonávají,0
nejeden,0
atletický,0
rekord.,0
Mohou,0
takto,0
vzduchem,0
létat,0
rychlostí,0
až,0
"55 km/hod.,",0
tj.,0
stejně,0
rychle,0
jako,0
nejrychlejší,0
opičí,0
"sprinter,",1
a,0
překonávají,1
vzdálenost,0
až,0
"15 m,",0
jsou,0
tedy,0
lepší,0
než,0
dálkař,1
indri.,0
Zato,0
v,1
 plavání,0
by,1
zcela,0
propadli -,1
plavat,0
neumí,0
vůbec.,0
Ráno,0
nám,0
přijeli,0
odpojit,0
"elektřinu,",0
protože,0
nemáme,0
zaplacené,0
účty.,0
Josef,0
se,0
nás,0
snažil,0
"přesvědčit,",0
že,0
elektřinu,0
vlastně,0
dohromady,1
na,1
nic,0
nepotřebujeme,0
a,0
kromě,0
toho,0
je,0
předražená.,0
Topit,0
můžeme,0
v,0
kachlových,0
"kamnech,",0
svítit,0
petrolejovými,0
lampami,0
a.1,0
vodu,0
ohřívat,0
v.1,0
"kotli,",0
jak,0
se.1,0
to,0
na.1,0
Kostce,0
dělávalo,0
až,0
do,1
roku,0
1927.0,0
Svůj,0
proslov,0
zakončil,0
odvážným,0
"tvrzením,",0
že.1,0
elektrický,0
proud,1
působí,1
na.2,1
psychiku,0
a.2,0
dělá,1
lidi,0
nervózními.,0
Mě,0
ovšem,0
mnohem,0
víc,0
znervóznila,1
"představa,",0
jak.1,0
si,0
suším,0
vlasy,0
nad,0
ohněm.,0
Na,1
moji,0
stranu,1
se.2,0
přidal,0
i,0
dosud,0
k,1
Josefovi,0
zcela,0
loajální,0
a.3,0
submisivní,0
pan,0
"Spock,",0
který,0
se.3,0
odvážil,0
"namítnout,",0
že.2,0
obsluha,0
kachlových.1,0
kamen,0
čítala,0
tři,0
"lidi,",0
kteří,0
celou,0
zimu,0
nedělali,0
nic.1,0
"jiného,",0
než,0
běhali,0
po,0
zámku,0
a.4,0
přikládali.,1
Už,0
dost,0
na.3,0
"tom,",0
že.3,0
jako,0
hypertonik,0
musí,0
topit,0
ve,0
skleníku.,0
Matce,0
jsem,0
Josefovo,0
blouznění,0
překládala,1
raději,0
jen,0
"namátkově,",0
protože.1,0
jsem.1,0
se.4,0
"obávala,",0
že.4,0
by,0
s,1
jeho,0
argumenty,0
byla,0
schopná,0
souhlasit.,0
Návratu,0
Kostky,0
do.1,1
devatenáctého,0
století,0
zabránila,0
paní,0
"Tichá,",0
která,0
pohrozila,0
okamžitou,0
"výpovědí,",0
pokud,0
jí,0
nepojede,1
"vysavač,",0
mražáky,0
a.5,0
umělá,0
líheň,0
na.4,1
kuřata.,0
Otec,0
tedy,0
uprosil,0
muže,0
od,1
elektrárenské,0
"společnosti,",0
aby,0
nám.1,0
elektřinu.1,0
"neodpojovali,",0
oblekl,0
si.1,0
blejzr,0
a.6,0
odjel,0
s.1,0
nimi,0
na.5,0
ředitelství.,0
Odpoledne,0
jsem.2,0
s.2,0
paní.1,0
Tichou,0
vysávala,0
Himmlerovo,0
apartmá.,0
Ty,0
čtyři,0
"místnosti,",0
kde,0
několikrát,0
přenocoval,0
Heinrich,0
"Himmler,",0
jsou,0
mnohem.1,0
útulnější,0
než.1,0
náš,0
byt,0
a.7,0
hlavně -,0
mají,0
koupelnu!,0
Požádala,0
jsem.3,0
"matku,",0
aby.1,0
se.5,0
nad.1,1
touto,0
skutečností,0
alespoň,0
"zamyslela,",0
ale,0
odmítla,0
s.3,1
"tím,",0
že.5,0
nebude,0
bydlet,0
v.2,0
bytě,0
po.1,1
nacistickém,0
"hrdlořezovi,",0
kvůli,0
němuž,0
padl,1
její,0
dědeček,0
Joe.,0
Moji,0
"námitku,",0
že.6,0
jejího,0
dědečka,0
zastřelili,0
Japonci,0
na.6,0
"Filipínách,",0
přešla,1
mávnutím,0
ruky.,0
Josef.1,0
by.1,0
proti,1
našemu,0
přestěhování,0
kupodivu,0
nic.2,0
"neměl,",0
jenom,0
mě,0
"upozornil,",0
že.7,0
Himmlerovo.1,0
apartmá,0
je.1,0
v.3,1
návštěvnické,0
"trase,",0
takže,0
bychom,0
se.6,0
museli,0
smířit,0
s.4,1
"tím,.1",0
že.8,0
nám.2,0
přes,0
byt.1,0
budou,0
chodit,0
mufloni.,1
Na.1,1
můj,0
udivený,0
"dotaz,",0
proč,0
chodí,0
k.1,1
Himmlerovi,0
"mufloni,",0
kde.1,0
se.7,0
berou,0
a.8,0
jak.2,0
se.8,0
tam,0
"dostanou,",0
mi,0
"řekl,",0
že.9,0
muflon,0
je.2,0
slangový,0
výraz,0
pro,0
návštěvníka.,0
To,0
mě.1,0
"uklidnilo,",0
protože.2,0
jsem.4,0
si.2,0
"myslela,",0
že.10,0
jde,1
zas,0
o,1
nějakou,0
divnou,0
rodovou,0
tradici,0
a.9,0
my,0
budeme,0
přímo,0
v.4,0
zámku.1,0
muset,0
opatrovat,0
stádo,0
zvířat.,0
Potom,0
lstivě,0
"dodal,",0
že.11,0
kdybychom,0
Kostku,0
pro.1,0
muflony,1
"uzavřeli,",0
můžeme.1,0
"bydlet,",0
kde.2,0
se.9,0
nám.3,0
zlíbí.,0
Řekla,0
jsem.5,0
"mu,",0
že.12,0
o.1,1
tom,0
budu,0
"přemýšlet,",0
ale.1,0
vzhledem,0
k.2,1
naší,0
finanční,0
situaci,0
je.3,0
"jasné,",1
že.13,0
muflony.1,1
a.10,0
jejich,0
peníze,0
budeme.1,0
potřebovat.,0
Otec.1,0
se.10,0
vrátil,0
zasmušilý.,0
Elektřinu,0
sice,0
"zachránil,",0
ale.2,0
Bendova,0
půjčka,0
se.11,0
opět,0
výrazně,0
scvrkla.,1
Celý,0
večer,0
si.3,0
hrál,0
ve.1,0
svém,0
pokoji,0
s.5,0
Olinem,0
a.11,0
"Laďou,",0
přičemž,0
jim,0
"říkal,",0
jak.3,0
jim.1,0
"závidí,",0
že.14,0
nemají,0
zámek,0
a.12,0
dluhy.,0
Já,0
jsem.6,0
si.4,0
střídavě,0
četla,0
Bibli,0
a.13,0
deník,0
Václava,0
Antonína-,0
"toho,",0
který.1,0
zajal,0
harém,0
a.14,0
přivezl,0
si.5,0
jej,0
na.7,0
"Kostku,",0
aniž,0
by.2,0
mu,0
"překáželo,",1
že.15,0
je.4,0
ženatý.,0
Popisy,0
jeho.1,0
sexuálních,0
praktik,0
jsou.1,0
doprovázeny,1
"kresbami,",0
takže.1,0
to.1,0
vypadá,0
jako.1,0
pornografický,0
komiks.,0
Václav,0
Antonín,0
si.6,0
nepochybně,0
právem,0
vysloužil,0
v.5,1
rodových,0
dějinách,0
přezdívku,0
Velký,0
Prasák.,0
Po,1
přehlídce,0
těch,0
nejbizarnějších,0
a.15,0
nejnepravděpodobnějších,0
poloh,0
jsem.7,0
se.12,0
na.8,1
Skutky,0
apoštolů,0
soustředila,0
jen.1,0
s.6,1
nejvyšším,1
vypětím.,0
V,1
noci,0
se.13,0
mi.1,0
zdálo,0
o.2,1
břišních,0
tanečnicích.,0
U,1
snídaně,0
byl,0
otec,0
stále,0
zasmušilý..1,0
Pozoroval,0
Olina,0
s.7,0
"Laďou,.1",0
jak.4,0
chlemtají,0
kuřecí,0
vývar,0
z,0
desetilitrového,0
"kastrolu,",0
a.16,0
ztrápeným,0
hlasem,0
je.5,0
"pobízel,",0
ať,0
se.14,0
nají,0
do.2,1
"zásoby,",0
protože.3,0
bída,0
a.17,0
hlad,0
už,0
stojí,1
za,0
dveřmi.,1
Nevím,0
jak.5,0
"bída,",0
ale.3,0
hlad.1,0
za.1,0
dveřmi,1
určitě,0
nestojí.,1
Zásoby,0
masa,0
odhaduji,0
tak,0
na.9,1
rok.,0
Dnes,0
v.6,1
noci.1,0
se.15,0
v.7,0
umělé,0
líhni,0
narodila,0
další,0
várka,1
housat.,0
Ostatně,0
co,0
se.16,0
stravy,0
týká-,0
jsem.8,0
"překvapená,",0
jak.6,0
rychle,0
jsem.9,0
si.7,0
zvykla,0
na.10,1
kuchyni,1
paní.2,0
Tiché.,0
Ještě,0
před,1
měsícem,0
bych,0
"nevěřila,",0
že.16,0
se.17,0
dají,0
sníst,0
napohled,0
tak.1,0
odpudivé,0
věci,0
jako.2,0
"tlačenka,",0
pajšl,0
nebo,0
lečo.,0
Kupodivu,0
jsem.10,0
zvládla,0
i.1,0
zabijačkovou,0
"polévku,",0
přestože,0
jsem.11,0
stále.1,0
"přesvědčená,",0
že.17,0
jídlo,0
by.3,0
nemělo,0
mít,0
černou,0
barvu.,0
Taky,0
už.1,0
umím,0
"oškubat,",0
vykuchat,0
a.18,0
naporcovat,0
drůbež,0
a.19,0
dnes,0
jsem.12,0
poprvé,0
smažila,0
vepřové,0
řízky.,0
Výsledky,0
práce,0
domácích,1
řemeslníků,0
a,0
rovněž,0
"prospektorů,",0
kteří,0
již,0
tenkrát,0
křižovali,0
krajinou,0
a,0
hledali,0
ložiska,0
železných,0
i,0
barevných,1
a,0
cenných,0
"kovů,",0
se,0
směňovaly,0
na,0
tržištích,0
v,0
podhradí,0
velkých,0
ústředí,0
a,0
na,0
všeobecně,0
známých,0
a,0
přístupných,0
místech.,0
Vedle,1
trhu,0
"domácího,",1
který,0
asi,0
při,1
všeobecně,0
samozásobitelské,0
povaze,0
české,0
společnosti,0
desátého,0
století,0
příliš,0
velkého,0
obratu,1
"nedociloval,",1
víme,0
v,0
českých,0
zemích,0
již,0
od,1
samého,0
počátku,0
tohoto,0
věku,0
o,1
přítomnosti,0
dálkového,0
obchodu,0
mezinárodního.,0
Zdá,1
"se,",1
že,0
onou,0
dobou,0
opouštěly,1
Čechy,0
především,0
suroviny,0
a,0
"polotovary,",0
například,0
právě,1
uvedený,1
"vosk,",0
a,0
případně,0
též,0
"zboží,",0
která,0
naším,0
územím,0
procházela,1
jako,0
zásilky,0
tranzitního,0
"obchodu,",0
třeba,0
saská,0
sůl,0
ze,0
solivarů,0
v,0
okolí,0
Halle,0
an,0
der,0
Saale.,0
Již,0
od,1
doby,0
kolem,1
roku,0
900.0,0
však,0
naši,0
podnikatelé,0
nabízeli,0
na,1
zahraničních,0
trzích,0
"„zboží“,",1
se,0
kterým,0
nemohli,0
neuspět -,0
otroky,0
a,0
otrokyně.,0
O,1
tom,0
uslyšíme,0
více,0
později.,0
V,0
zemi,0
obíhala,0
celá,0
řada,1
směnných,0
"prostředků,",1
užívaných,0
jako,0
všeobecné,0
hodnotové,0
ekvivalenty,0
nabízených,0
zboží.,0
Vedle,1
stůčků,0
hedvábí,0
a,0
ingotů,0
z,1
různých,0
kovů,0
standardní,0
váhy,0
to,0
byly,0
především,0
pověstné,0
"šátečky,",1
o,1
nichž,0
se,0
zmiňuje,0
emisar,0
córdobského,0
chalífátu,0
Ibráhím,0
ibn,0
"Ja’kúb,",0
který,0
navštívil,0
české,0
země,0
někdy,0
v,1
šedesátých,0
letech,0
desátého,0
století.,0
Z,1
jeho,0
zprávy,0
se,0
zachoval,0
"úryvek,",0
který,0
"popisuje,",1
jak,0
čeští,0
Slované,0
užívají,0
při,1
obchodu,0
zvláštních,0
textilních,0
výrobků,0
standardní,0
"velikosti,",0
tkaných,0
tak,0
"řídce,",0
že,0
se,0
nehodí,0
v,1
praxi,0
k,1
ničemu,0
jinému,0
než,0
právě,1
ke,1
směňování.,0
Podle,1
córdobského,0
cestovatele,0
byl,0
poměr,0
oněch,0
šátečků,1
k,1
minci,0
ustálen,0
a,0
tento,0
všeobecně,0
známý,0
poměr,0
sloužil,1
k,1
rychlému,1
přepočtu,0
cen,0
jednotlivých,0
druhů,0
zboží,0
v,1
libovolné,0
podobě,1
oběživa.,0
Zdá,1
"se,",1
že,0
Čechové,0
desátého,0
století,0
užívali,0
oněch,0
šátečků,1
co,0
"„drobných“,",1
neboť,0
stříbrná,0
mince,0
měla,0
podle,1
Ibráhímových,0
údajů,0
hodnotu,0
poměrně,0
vysokou.,1
Právě,1
tento,0
údaj,0
způsobuje,1
však,0
badatelům,0
jisté,1
"rozpaky,",0
neboť,0
si,0
"povšimli,",0
že,0
kdyby,0
Ibráhímem,0
uváděné,1
ceny,0
opravdu,0
"platily,",1
bylo,0
by,0
v,0
Čechách,0
desátého,0
století,0
obilí,0
levnější,0
než,0
v,0
Egyptě!,0
Kromě,0
těchto,0
různých,0
podob,1
oběživa,0
se,0
u,1
nás,0
ovšem,0
nakupovalo,0
i,0
za,1
stříbrnou,0
minci,0
"západní,",0
karlovské,0
váhové,0
soustavy.,0
První,0
takové,0
peníze,0
zarazil,1
snad,0
již,0
otec,0
našeho,0
"hrdiny,",1
"Boleslav I.,",0
a,0
do,1
konce,0
10.0,0
století,0
v,1
rukou,1
našich,0
obchodníků,0
a,0
mohovitých,0
členů,0
společnosti,0
zcela,0
zdomácněly.,0
Nejstarší,0
české,0
mince,0
napodobovaly,1
ražby,0
bavorského,0
města,0
"Řezna,",0
brzy,0
se,1
však,0
čeští,0
mincmistři,0
orientovali,1
na,1
širší,1
mezinárodní,0
trh,1
a,0
počali,0
razit,0
minci,0
napodobující,1
anglosaské,0
denáry,0
krále,0
"Ethelreda II., ",0
známého,0
pod,1
jménem,0
Ethelred,0
Zlé,0
rady,0
(Ethelred,0
the,0
"Unready,",0
slovní,0
hříčka,1
se,0
jménem,0
anglosaského,0
Adalráda,0
"Unráda,",0
"978–1016),",0
tehdy,0
oblíbené,0
platidlo,0
na,1
trzích,1
po,0
obou,0
březích,0
Baltského,0
"moře,",0
kam,0
tehdejší,0
český,0
obchod,0
především,0
směřoval.,1
Kdybychom,0
měli,0
popsat,1
orientaci,1
českého,0
dálkového,0
obchodu,0
na,1
tehdejší,0
světové,0
"trhy,",1
připodobnili,0
bychom,0
ji,0
nejspíše,0
k,1
větrné,0
růžici,0
směřující,0
do,1
čtyř,0
světových,0
"stran,",0
ale,0
otočené,0
o,0
45°.,0
Bylo,0
to,0
způsobeno,0
"tím,",0
že,0
hlavní,0
obchodní,0
tepny,1
se,0
tehdy,0
kryly,0
se,0
směry,0
velkých,0
"řek,",0
které,0
z,0
Čech,0
vytékaly,0
nebo,0
proudily,0
v,0
jejich,0
těsné,1
blízkosti.,0
Na,1
severozápad,0
tak,0
obchodníci,0
z,1
Čech,0
cestovali,0
po,0
Labi,0
a,0
na,1
severovýchod,0
po,0
Odře,0
a,0
Visle,0
až,0
k,0
pobřeží,0
Baltského,0
moře.,0
Na,1
jihozápad,0
zajížděli,0
proti,0
toku,0
horního,0
Dunaje,0
až,0
do,0
Würzburku,0
a,0
Mohuče,0
a,0
na,1
jihovýchod,0
se,0
naopak,0
vypravovali,0
po,0
proudu,0
Dunaje,0
až,0
k,0
Černému,0
moři.,0
České,0
"výrobky,",0
především,0
už,0
uvedené,1
suroviny,0
a,0
polotovary,0
"(vosk,",0
"stříbro,",0
snad,0
i,0
živý,0
dobytek),0
směřovaly,0
do,0
všech,0
těchto,0
končin,0
"světa,",0
kam,0
se,0
také,0
dopravovali,0
už,0
uvedení,1
otroci,0
a,0
otrokyně.,0
Většina,0
českého,0
raženého,0
stříbra,0
desátého,0
století,0
směřovala,0
do,0
"Pobaltí,",0
na,0
Gotland,0
a,0
do,0
jižní,0
Skandinávie.,0
"Nevíme,",0
co,0
tam,0
za,1
ně,0
čeští,0
exportéři,0
nakupovali;,0
můžeme,0
si,0
představovat,0
různé,0
druhy,0
orientálního,0
"zboží,",0
jichž,0
bylo,0
na,1
pobaltských,0
trzích,1
dost,0
a,0
dost.,0
Při,1
výskytu,0
tisíců,0
kusů,0
českých,0
mincí,0
nám,0
však,0
přece,0
jen,0
ekvivalent,0
těchto,0
investic,0
v,0
českých,0
zemích,0
chybí.,0
Nelze,0
proto,0
"vyloučit,",1
že,0
u,1
těchto,0
peněz,0
nešlo,1
o,1
platby,0
za,1
"zboží,",0
ale,0
spíše,0
za,1
"služby,",0
a,0
zde,0
už,0
si,0
můžeme,0
představovat,0
rozsáhlé,0
přemyslovské,0
„náborové,0
akce“,0
mezi,1
nezaměstnanými,0
vikingy,0
obou,0
břehů,0
Baltského,0
moře.,0
Vzhledem,0
k,1
"tomu,",0
že,0
víme,0
"jistě,",0
že,0
v,1
družinách,0
členů,0
přemyslovského,0
rodu,0
skandinávští,0
bojovníci,0
"sloužili,",1
je,0
"možné,",0
že,0
tyto,0
nálezy,0
zachycují,1
úspory,0
ze,1
"žoldu,",0
který,0
přemyslovská,0
správa,0
najatým,0
válečníkům,0
platila.,1
